review_id,paper_id,year,venue,reviewer,full_review_text,rating,confidence,summary,strengths,weaknesses,questions,limitations,soundness,presentation,contribution,recommendation,review_date
dBoT0EJ9J7m,HCSgyPUfeDj,2021,ICLR.cc/2021/Conference,ICLR.cc/2021/Conference/Paper1955/AnonReviewer3,,6: Marginally above acceptance threshold,4: The reviewer is confident but not absolutely certain that the evaluation is correct,,,,,,,,,,1603702513904
gDmcRn5g1eB,HCSgyPUfeDj,2021,ICLR.cc/2021/Conference,ICLR.cc/2021/Conference/Paper1955/AnonReviewer1,,"7: Good paper, accept",4: The reviewer is confident but not absolutely certain that the evaluation is correct,,,,,,,,,,1603828246657
p42RjN6OEcm,HCSgyPUfeDj,2021,ICLR.cc/2021/Conference,ICLR.cc/2021/Conference/Paper1955/AnonReviewer4,,"7: Good paper, accept",3: The reviewer is fairly confident that the evaluation is correct,,,,,,,,,,1603838504880
9Oa-hBrsupn,HCSgyPUfeDj,2021,ICLR.cc/2021/Conference,ICLR.cc/2021/Conference/Paper1955/AnonReviewer2,,5: Marginally below acceptance threshold,5: The reviewer is absolutely certain that the evaluation is correct and very familiar with the relevant literature,,,,,,,,,,1603840918236
ezWUx6lqs4d,a3OY2j9kJc-,2023,ICLR.cc/2023/Conference,ICLR.cc/2023/Conference/Paper84/Reviewer_uwsC,,,"2: You are willing to defend your assessment, but it is quite likely that you did not understand the central parts of the submission or that you are unfamiliar with some pieces of related work. Math/other details were not carefully checked.",,,,,,,,,6: marginally above the acceptance threshold,1666129940148
ia3CyFKCR5Y,a3OY2j9kJc-,2023,ICLR.cc/2023/Conference,ICLR.cc/2023/Conference/Paper84/Reviewer_SL3b,,,"4: You are confident in your assessment, but not absolutely certain. It is unlikely, but not impossible, that you did not understand some parts of the submission or that you are unfamiliar with some pieces of related work.",,,,,,,,,5: marginally below the acceptance threshold,1666590982243
kfQNmCzMhzv,a3OY2j9kJc-,2023,ICLR.cc/2023/Conference,ICLR.cc/2023/Conference/Paper84/Reviewer_8b8w,,,"4: You are confident in your assessment, but not absolutely certain. It is unlikely, but not impossible, that you did not understand some parts of the submission or that you are unfamiliar with some pieces of related work.",,,,,,,,,5: marginally below the acceptance threshold,1666649478537
hvCy2gB5PAN,a3OY2j9kJc-,2023,ICLR.cc/2023/Conference,ICLR.cc/2023/Conference/Paper84/Reviewer_HMFn,,,3: You are fairly confident in your assessment. It is possible that you did not understand some parts of the submission or that you are unfamiliar with some pieces of related work. Math/other details were not carefully checked.,,,,,,,,,5: marginally below the acceptance threshold,1667197324284
3gjxwkBThXw,UP_GHHPw7rP,2023,ICLR.cc/2023/Conference,ICLR.cc/2023/Conference/Paper500/Reviewer_BwgL,,,"4: You are confident in your assessment, but not absolutely certain. It is unlikely, but not impossible, that you did not understand some parts of the submission or that you are unfamiliar with some pieces of related work.",,,,,,,,,6: marginally above the acceptance threshold,1665608572277
YRrcIeQlG7,UP_GHHPw7rP,2023,ICLR.cc/2023/Conference,ICLR.cc/2023/Conference/Paper500/Reviewer_NJRa,,,"2: You are willing to defend your assessment, but it is quite likely that you did not understand the central parts of the submission or that you are unfamiliar with some pieces of related work. Math/other details were not carefully checked.",,,,,,,,,6: marginally above the acceptance threshold,1666629932756
ucaTtSTh_DZ,UP_GHHPw7rP,2023,ICLR.cc/2023/Conference,ICLR.cc/2023/Conference/Paper500/Reviewer_iMxh,,,3: You are fairly confident in your assessment. It is possible that you did not understand some parts of the submission or that you are unfamiliar with some pieces of related work. Math/other details were not carefully checked.,,,,,,,,,6: marginally above the acceptance threshold,1667265766670
HJeZZLZsYS,HklCmaVtPS,2020,ICLR.cc/2020/Conference,ICLR.cc/2020/Conference/Paper468/AnonReviewer1,,3: Weak Reject,,,,,,,,,,,1571653112951
S1ggA9GTFB,HklCmaVtPS,2020,ICLR.cc/2020/Conference,ICLR.cc/2020/Conference/Paper468/AnonReviewer2,,1: Reject,,,,,,,,,,,1571789511837
Hyeii7JAtr,HklCmaVtPS,2020,ICLR.cc/2020/Conference,ICLR.cc/2020/Conference/Paper468/AnonReviewer3,,3: Weak Reject,,,,,,,,,,,1571840930928
9_KRhnB1ye,9OoFFWDPDQ,2023,ICLR.cc/2023/Conference,ICLR.cc/2023/Conference/Paper2623/Reviewer_hc5X,,,"4: You are confident in your assessment, but not absolutely certain. It is unlikely, but not impossible, that you did not understand some parts of the submission or that you are unfamiliar with some pieces of related work.",,,,,,,,,5: marginally below the acceptance threshold,1666674490324
Espc_criLe,9OoFFWDPDQ,2023,ICLR.cc/2023/Conference,ICLR.cc/2023/Conference/Paper2623/Reviewer_c4Um,,,"4: You are confident in your assessment, but not absolutely certain. It is unlikely, but not impossible, that you did not understand some parts of the submission or that you are unfamiliar with some pieces of related work.",,,,,,,,,5: marginally below the acceptance threshold,1666697170308
HEk4F4TnFB6,9OoFFWDPDQ,2023,ICLR.cc/2023/Conference,ICLR.cc/2023/Conference/Paper2623/Reviewer_8DmZ,,,5: You are absolutely certain about your assessment. You are very familiar with the related work and checked the math/other details carefully.,,,,,,,,,5: marginally below the acceptance threshold,1666745480364
MrfoZLHZvU,9OoFFWDPDQ,2023,ICLR.cc/2023/Conference,ICLR.cc/2023/Conference/Paper2623/Reviewer_No3A,,,"4: You are confident in your assessment, but not absolutely certain. It is unlikely, but not impossible, that you did not understand some parts of the submission or that you are unfamiliar with some pieces of related work.",,,,,,,,,6: marginally above the acceptance threshold,1666901634255
xX7I1gH7Np,6Wl7-M2BC-,2023,ICLR.cc/2023/Conference,ICLR.cc/2023/Conference/Paper3552/Reviewer_4reb,,,3: You are fairly confident in your assessment. It is possible that you did not understand some parts of the submission or that you are unfamiliar with some pieces of related work. Math/other details were not carefully checked.,,,,,,,,,6: marginally above the acceptance threshold,1666506588472
hv9RjA6TOk,6Wl7-M2BC-,2023,ICLR.cc/2023/Conference,ICLR.cc/2023/Conference/Paper3552/Reviewer_rg2h,,,5: You are absolutely certain about your assessment. You are very familiar with the related work and checked the math/other details carefully.,,,,,,,,,5: marginally below the acceptance threshold,1666528365904
PpgniGjX-j,6Wl7-M2BC-,2023,ICLR.cc/2023/Conference,ICLR.cc/2023/Conference/Paper3552/Reviewer_qUYU,,,"4: You are confident in your assessment, but not absolutely certain. It is unlikely, but not impossible, that you did not understand some parts of the submission or that you are unfamiliar with some pieces of related work.",,,,,,,,,6: marginally above the acceptance threshold,1666768390638
nLmyyGYYxOh,ElI9znK_eUz,2023,ICLR.cc/2023/Conference,ICLR.cc/2023/Conference/Paper1940/Reviewer_Ni8m,,,"4: You are confident in your assessment, but not absolutely certain. It is unlikely, but not impossible, that you did not understand some parts of the submission or that you are unfamiliar with some pieces of related work.",,,,,,,,,5: marginally below the acceptance threshold,1666242870086
4m-yIcb-gbP,ElI9znK_eUz,2023,ICLR.cc/2023/Conference,ICLR.cc/2023/Conference/Paper1940/Reviewer_SeAm,,,"4: You are confident in your assessment, but not absolutely certain. It is unlikely, but not impossible, that you did not understand some parts of the submission or that you are unfamiliar with some pieces of related work.",,,,,,,,,"3: reject, not good enough",1666282806689
MnMwp4-_Kth,ElI9znK_eUz,2023,ICLR.cc/2023/Conference,ICLR.cc/2023/Conference/Paper1940/Reviewer_tmph,,,"4: You are confident in your assessment, but not absolutely certain. It is unlikely, but not impossible, that you did not understand some parts of the submission or that you are unfamiliar with some pieces of related work.",,,,,,,,,"3: reject, not good enough",1666627647081
UvHe3Os7D7,ElI9znK_eUz,2023,ICLR.cc/2023/Conference,ICLR.cc/2023/Conference/Paper1940/Reviewer_8UAX,,,3: You are fairly confident in your assessment. It is possible that you did not understand some parts of the submission or that you are unfamiliar with some pieces of related work. Math/other details were not carefully checked.,,,,,,,,,6: marginally above the acceptance threshold,1666645518958
O7J_hZ1wAd4,H7Edu1_IZgR,2022,ICLR.cc/2022/Conference,ICLR.cc/2022/Conference/Paper2057/Reviewer_ouZ3,,,5: You are absolutely certain about your assessment. You are very familiar with the related work and checked the math/other details carefully.,,,,,,,,,"3: reject, not good enough",1635707812066
67UrOXqY8H,H7Edu1_IZgR,2022,ICLR.cc/2022/Conference,ICLR.cc/2022/Conference/Paper2057/Reviewer_maih,,,3: You are fairly confident in your assessment. It is possible that you did not understand some parts of the submission or that you are unfamiliar with some pieces of related work. Math/other details were not carefully checked.,,,,,,,,,"3: reject, not good enough",1635836249265
P0I_aPl2yc,H7Edu1_IZgR,2022,ICLR.cc/2022/Conference,ICLR.cc/2022/Conference/Paper2057/Reviewer_irGj,,,"4: You are confident in your assessment, but not absolutely certain. It is unlikely, but not impossible, that you did not understand some parts of the submission or that you are unfamiliar with some pieces of related work.",,,,,,,,,5: marginally below the acceptance threshold,1635870997611
1aJ822mKnMu,H7Edu1_IZgR,2022,ICLR.cc/2022/Conference,ICLR.cc/2022/Conference/Paper2057/Reviewer_VA5K,,,"4: You are confident in your assessment, but not absolutely certain. It is unlikely, but not impossible, that you did not understand some parts of the submission or that you are unfamiliar with some pieces of related work.",,,,,,,,,5: marginally below the acceptance threshold,1635912678888
YECiayOxg-,3RhuF8foyPW,2023,ICLR.cc/2023/Conference,ICLR.cc/2023/Conference/Paper935/Reviewer_mUdQ,,,"2: You are willing to defend your assessment, but it is quite likely that you did not understand the central parts of the submission or that you are unfamiliar with some pieces of related work. Math/other details were not carefully checked.",,,,,,,,,6: marginally above the acceptance threshold,1666581675627
SaLwBy6zyAp,3RhuF8foyPW,2023,ICLR.cc/2023/Conference,ICLR.cc/2023/Conference/Paper935/Reviewer_4yTc,,,"4: You are confident in your assessment, but not absolutely certain. It is unlikely, but not impossible, that you did not understand some parts of the submission or that you are unfamiliar with some pieces of related work.",,,,,,,,,6: marginally above the acceptance threshold,1666617077838
_gfu87sDqIY,3RhuF8foyPW,2023,ICLR.cc/2023/Conference,ICLR.cc/2023/Conference/Paper935/Reviewer_rh1d,,,3: You are fairly confident in your assessment. It is possible that you did not understand some parts of the submission or that you are unfamiliar with some pieces of related work. Math/other details were not carefully checked.,,,,,,,,,6: marginally above the acceptance threshold,1666687227646
JjuYjfs7fL,3RhuF8foyPW,2023,ICLR.cc/2023/Conference,ICLR.cc/2023/Conference/Paper935/Reviewer_wq54,,,3: You are fairly confident in your assessment. It is possible that you did not understand some parts of the submission or that you are unfamiliar with some pieces of related work. Math/other details were not carefully checked.,,,,,,,,,"8: accept, good paper",1666854432140
3eT4sEGEGc,-M0TNnyWFT5,2023,ICLR.cc/2023/Conference,ICLR.cc/2023/Conference/Paper6431/Reviewer_HdW5,,,5: You are absolutely certain about your assessment. You are very familiar with the related work and checked the math/other details carefully.,,,,,,,,,6: marginally above the acceptance threshold,1666638616659
vxF6QsbjfD,-M0TNnyWFT5,2023,ICLR.cc/2023/Conference,ICLR.cc/2023/Conference/Paper6431/Reviewer_yHwh,,,"4: You are confident in your assessment, but not absolutely certain. It is unlikely, but not impossible, that you did not understand some parts of the submission or that you are unfamiliar with some pieces of related work.",,,,,,,,,6: marginally above the acceptance threshold,1666783134269
z5IyRW80FI0,-M0TNnyWFT5,2023,ICLR.cc/2023/Conference,ICLR.cc/2023/Conference/Paper6431/Reviewer_JQ6f,,,"2: You are willing to defend your assessment, but it is quite likely that you did not understand the central parts of the submission or that you are unfamiliar with some pieces of related work. Math/other details were not carefully checked.",,,,,,,,,"8: accept, good paper",1667005702841
uLo6wMdJtFj,QcA9iGaLpH4,2023,ICLR.cc/2023/Conference,ICLR.cc/2023/Conference/Paper5712/Reviewer_E5os,,,5: You are absolutely certain about your assessment. You are very familiar with the related work and checked the math/other details carefully.,,,,,,,,,6: marginally above the acceptance threshold,1666527366010
fTDTb1TF9yo,QcA9iGaLpH4,2023,ICLR.cc/2023/Conference,ICLR.cc/2023/Conference/Paper5712/Reviewer_wKAi,,,"4: You are confident in your assessment, but not absolutely certain. It is unlikely, but not impossible, that you did not understand some parts of the submission or that you are unfamiliar with some pieces of related work.",,,,,,,,,5: marginally below the acceptance threshold,1666600139245
pcaOww9A2h,QcA9iGaLpH4,2023,ICLR.cc/2023/Conference,ICLR.cc/2023/Conference/Paper5712/Reviewer_bHhw,,,3: You are fairly confident in your assessment. It is possible that you did not understand some parts of the submission or that you are unfamiliar with some pieces of related work. Math/other details were not carefully checked.,,,,,,,,,6: marginally above the acceptance threshold,1666600972804
rkxBq85pYr,SJl3h2EYvS,2020,ICLR.cc/2020/Conference,ICLR.cc/2020/Conference/Paper204/AnonReviewer2,,6: Weak Accept,,,,,,,,,,,1571821197496
B1gFTZm0YB,SJl3h2EYvS,2020,ICLR.cc/2020/Conference,ICLR.cc/2020/Conference/Paper204/AnonReviewer3,,3: Weak Reject,,,,,,,,,,,1571856833484
rkx6ViXCKH,SJl3h2EYvS,2020,ICLR.cc/2020/Conference,ICLR.cc/2020/Conference/Paper204/AnonReviewer1,,1: Reject,,,,,,,,,,,1571859252642
SYPTdTq3O7G,R5sVzzXhW8n,2022,ICLR.cc/2022/Conference,ICLR.cc/2022/Conference/Paper675/Reviewer_WCJg,,,"2: You are willing to defend your assessment, but it is quite likely that you did not understand the central parts of the submission or that you are unfamiliar with some pieces of related work. Math/other details were not carefully checked.",,,,,,,,,5: marginally below the acceptance threshold,1635812194542
yBRuk2I_Vem,R5sVzzXhW8n,2022,ICLR.cc/2022/Conference,ICLR.cc/2022/Conference/Paper675/Reviewer_PASS,,,"4: You are confident in your assessment, but not absolutely certain. It is unlikely, but not impossible, that you did not understand some parts of the submission or that you are unfamiliar with some pieces of related work.",,,,,,,,,5: marginally below the acceptance threshold,1635843315713
z2YOhZV2D7d,R5sVzzXhW8n,2022,ICLR.cc/2022/Conference,ICLR.cc/2022/Conference/Paper675/Reviewer_GRMb,,,"4: You are confident in your assessment, but not absolutely certain. It is unlikely, but not impossible, that you did not understand some parts of the submission or that you are unfamiliar with some pieces of related work.",,,,,,,,,5: marginally below the acceptance threshold,1635865128434
roxpOVufe_Z,R5sVzzXhW8n,2022,ICLR.cc/2022/Conference,ICLR.cc/2022/Conference/Paper675/Reviewer_GhTK,,,"4: You are confident in your assessment, but not absolutely certain. It is unlikely, but not impossible, that you did not understand some parts of the submission or that you are unfamiliar with some pieces of related work.",,,,,,,,,6: marginally above the acceptance threshold,1635923006088
JSEdgGrfwoL,ywAjQw-spmY,2023,ICLR.cc/2023/Conference,ICLR.cc/2023/Conference/Paper6404/Reviewer_AR6P,,,"4: You are confident in your assessment, but not absolutely certain. It is unlikely, but not impossible, that you did not understand some parts of the submission or that you are unfamiliar with some pieces of related work.",,,,,,,,,5: marginally below the acceptance threshold,1666625046433
rrqC5ixTWaR,ywAjQw-spmY,2023,ICLR.cc/2023/Conference,ICLR.cc/2023/Conference/Paper6404/Reviewer_NwtW,,,3: You are fairly confident in your assessment. It is possible that you did not understand some parts of the submission or that you are unfamiliar with some pieces of related work. Math/other details were not carefully checked.,,,,,,,,,"3: reject, not good enough",1666677833418
tRontlF9CdR,ywAjQw-spmY,2023,ICLR.cc/2023/Conference,ICLR.cc/2023/Conference/Paper6404/Reviewer_i1Lj,,,"4: You are confident in your assessment, but not absolutely certain. It is unlikely, but not impossible, that you did not understand some parts of the submission or that you are unfamiliar with some pieces of related work.",,,,,,,,,"3: reject, not good enough",1666693324908
PhjhXtp-tV,ywAjQw-spmY,2023,ICLR.cc/2023/Conference,ICLR.cc/2023/Conference/Paper6404/Reviewer_xRr1,,,"4: You are confident in your assessment, but not absolutely certain. It is unlikely, but not impossible, that you did not understand some parts of the submission or that you are unfamiliar with some pieces of related work.",,,,,,,,,5: marginally below the acceptance threshold,1667189566003
oJ4WrnDOU6M,4RwkbKZhGV,2023,ICLR.cc/2023/Conference,ICLR.cc/2023/Conference/Paper2426/Reviewer_vCae,,,"4: You are confident in your assessment, but not absolutely certain. It is unlikely, but not impossible, that you did not understand some parts of the submission or that you are unfamiliar with some pieces of related work.",,,,,,,,,"3: reject, not good enough",1666362374900
ffuaZTNFits,4RwkbKZhGV,2023,ICLR.cc/2023/Conference,ICLR.cc/2023/Conference/Paper2426/Reviewer_GBT4,,,"4: You are confident in your assessment, but not absolutely certain. It is unlikely, but not impossible, that you did not understand some parts of the submission or that you are unfamiliar with some pieces of related work.",,,,,,,,,6: marginally above the acceptance threshold,1666620684523
3d08JaLz0mH,4RwkbKZhGV,2023,ICLR.cc/2023/Conference,ICLR.cc/2023/Conference/Paper2426/Reviewer_zfb4,,,"4: You are confident in your assessment, but not absolutely certain. It is unlikely, but not impossible, that you did not understand some parts of the submission or that you are unfamiliar with some pieces of related work.",,,,,,,,,5: marginally below the acceptance threshold,1666648343296
ysS-1KanTja,4RwkbKZhGV,2023,ICLR.cc/2023/Conference,ICLR.cc/2023/Conference/Paper2426/Reviewer_FeeE,,,"4: You are confident in your assessment, but not absolutely certain. It is unlikely, but not impossible, that you did not understand some parts of the submission or that you are unfamiliar with some pieces of related work.",,,,,,,,,"3: reject, not good enough",1666890000156
rkxv0JQtYS,Hklo5RNtwS,2020,ICLR.cc/2020/Conference,ICLR.cc/2020/Conference/Paper1294/AnonReviewer2,,1: Reject,,,,,,,,,,,1571528654576
r1l0QRy0FH,Hklo5RNtwS,2020,ICLR.cc/2020/Conference,ICLR.cc/2020/Conference/Paper1294/AnonReviewer3,,3: Weak Reject,,,,,,,,,,,1571843622039
Bye86rHeqB,Hklo5RNtwS,2020,ICLR.cc/2020/Conference,ICLR.cc/2020/Conference/Paper1294/AnonReviewer1,,6: Weak Accept,,,,,,,,,,,1571997118223
N2_GPli5HQT,_tfLpF9mFiq,2023,ICLR.cc/2023/Conference,ICLR.cc/2023/Conference/Paper5474/Reviewer_7q7N,,,"4: You are confident in your assessment, but not absolutely certain. It is unlikely, but not impossible, that you did not understand some parts of the submission or that you are unfamiliar with some pieces of related work.",,,,,,,,,"3: reject, not good enough",1666030890539
24eo_OtPAM,_tfLpF9mFiq,2023,ICLR.cc/2023/Conference,ICLR.cc/2023/Conference/Paper5474/Reviewer_wL6B,,,3: You are fairly confident in your assessment. It is possible that you did not understand some parts of the submission or that you are unfamiliar with some pieces of related work. Math/other details were not carefully checked.,,,,,,,,,5: marginally below the acceptance threshold,1666664114254
T3JSSqJKx2,_tfLpF9mFiq,2023,ICLR.cc/2023/Conference,ICLR.cc/2023/Conference/Paper5474/Reviewer_LF9L,,,"4: You are confident in your assessment, but not absolutely certain. It is unlikely, but not impossible, that you did not understand some parts of the submission or that you are unfamiliar with some pieces of related work.",,,,,,,,,"3: reject, not good enough",1666710615758
XEhGsithtlc,zXM0b4hi5_B,2022,ICLR.cc/2022/Conference,ICLR.cc/2022/Conference/Paper1035/Reviewer_Rmvg,,,"2: You are willing to defend your assessment, but it is quite likely that you did not understand the central parts of the submission or that you are unfamiliar with some pieces of related work. Math/other details were not carefully checked.",,,,,,,,,"8: accept, good paper",1635802317717
1ug4LiQ4hLn,zXM0b4hi5_B,2022,ICLR.cc/2022/Conference,ICLR.cc/2022/Conference/Paper1035/Reviewer_CZqT,,,5: You are absolutely certain about your assessment. You are very familiar with the related work and checked the math/other details carefully.,,,,,,,,,6: marginally above the acceptance threshold,1635847703363
h2Z0NhoA5CM,zXM0b4hi5_B,2022,ICLR.cc/2022/Conference,ICLR.cc/2022/Conference/Paper1035/Reviewer_2c14,,,"4: You are confident in your assessment, but not absolutely certain. It is unlikely, but not impossible, that you did not understand some parts of the submission or that you are unfamiliar with some pieces of related work.",,,,,,,,,6: marginally above the acceptance threshold,1635865577199
O92p9ItcWyE,zXM0b4hi5_B,2022,ICLR.cc/2022/Conference,ICLR.cc/2022/Conference/Paper1035/Reviewer_z8xf,,,5: You are absolutely certain about your assessment. You are very familiar with the related work and checked the math/other details carefully.,,,,,,,,,6: marginally above the acceptance threshold,1636112068198
ZIZvo9aTE9h,VGnOJhd5Q1q,2022,ICLR.cc/2022/Conference,ICLR.cc/2022/Conference/Paper1662/Reviewer_wDdo,,,5: You are absolutely certain about your assessment. You are very familiar with the related work and checked the math/other details carefully.,,,,,,,,,5: marginally below the acceptance threshold,1635734389095
c9Lk_AOYqa3,VGnOJhd5Q1q,2022,ICLR.cc/2022/Conference,ICLR.cc/2022/Conference/Paper1662/Reviewer_fhAP,,,3: You are fairly confident in your assessment. It is possible that you did not understand some parts of the submission or that you are unfamiliar with some pieces of related work. Math/other details were not carefully checked.,,,,,,,,,6: marginally above the acceptance threshold,1635843050435
9HloATeo8sA,VGnOJhd5Q1q,2022,ICLR.cc/2022/Conference,ICLR.cc/2022/Conference/Paper1662/Reviewer_zEkG,,,"4: You are confident in your assessment, but not absolutely certain. It is unlikely, but not impossible, that you did not understand some parts of the submission or that you are unfamiliar with some pieces of related work.",,,,,,,,,"8: accept, good paper",1636314798571
ehHyR7i1Lp,TUBpc5rqGA,2023,ICLR.cc/2023/Conference,ICLR.cc/2023/Conference/Paper3145/Reviewer_bZbX,,,3: You are fairly confident in your assessment. It is possible that you did not understand some parts of the submission or that you are unfamiliar with some pieces of related work. Math/other details were not carefully checked.,,,,,,,,,6: marginally above the acceptance threshold,1666418309637
QldpefoAmN,TUBpc5rqGA,2023,ICLR.cc/2023/Conference,ICLR.cc/2023/Conference/Paper3145/Reviewer_s1ZP,,,"4: You are confident in your assessment, but not absolutely certain. It is unlikely, but not impossible, that you did not understand some parts of the submission or that you are unfamiliar with some pieces of related work.",,,,,,,,,"8: accept, good paper",1666543922299
MouPVJBH41,TUBpc5rqGA,2023,ICLR.cc/2023/Conference,ICLR.cc/2023/Conference/Paper3145/Reviewer_UfWC,,,3: You are fairly confident in your assessment. It is possible that you did not understand some parts of the submission or that you are unfamiliar with some pieces of related work. Math/other details were not carefully checked.,,,,,,,,,6: marginally above the acceptance threshold,1666579878794
rysX0_0yp0i,TUBpc5rqGA,2023,ICLR.cc/2023/Conference,ICLR.cc/2023/Conference/Paper3145/Reviewer_sSRW,,,"2: You are willing to defend your assessment, but it is quite likely that you did not understand the central parts of the submission or that you are unfamiliar with some pieces of related work. Math/other details were not carefully checked.",,,,,,,,,"8: accept, good paper",1666604117372
uTROB-BbpvB,4l5iO9eoh3f,2022,ICLR.cc/2022/Conference,ICLR.cc/2022/Conference/Paper2719/Reviewer_DMGQ,,,"4: You are confident in your assessment, but not absolutely certain. It is unlikely, but not impossible, that you did not understand some parts of the submission or that you are unfamiliar with some pieces of related work.",,,,,,,,,5: marginally below the acceptance threshold,1635820918417
QHW-aSSnPFc,4l5iO9eoh3f,2022,ICLR.cc/2022/Conference,ICLR.cc/2022/Conference/Paper2719/Reviewer_e8jg,,,"4: You are confident in your assessment, but not absolutely certain. It is unlikely, but not impossible, that you did not understand some parts of the submission or that you are unfamiliar with some pieces of related work.",,,,,,,,,5: marginally below the acceptance threshold,1635904810366
GklMKppe5g3,4l5iO9eoh3f,2022,ICLR.cc/2022/Conference,ICLR.cc/2022/Conference/Paper2719/Reviewer_hmYm,,,3: You are fairly confident in your assessment. It is possible that you did not understand some parts of the submission or that you are unfamiliar with some pieces of related work. Math/other details were not carefully checked.,,,,,,,,,6: marginally above the acceptance threshold,1636066774399
JGqzzgm9XfV,4l5iO9eoh3f,2022,ICLR.cc/2022/Conference,ICLR.cc/2022/Conference/Paper2719/Reviewer_gFqt,,,3: You are fairly confident in your assessment. It is possible that you did not understand some parts of the submission or that you are unfamiliar with some pieces of related work. Math/other details were not carefully checked.,,,,,,,,,"3: reject, not good enough",1636182783734
rJlJAnX3YB,r1eVX0EFvH,2020,ICLR.cc/2020/Conference,ICLR.cc/2020/Conference/Paper1033/AnonReviewer2,,6: Weak Accept,,,,,,,,,,,1571728582689
rygGyhMTFS,r1eVX0EFvH,2020,ICLR.cc/2020/Conference,ICLR.cc/2020/Conference/Paper1033/AnonReviewer3,,3: Weak Reject,,,,,,,,,,,1571789786268
ByxBzghkcH,r1eVX0EFvH,2020,ICLR.cc/2020/Conference,ICLR.cc/2020/Conference/Paper1033/AnonReviewer1,,6: Weak Accept,,,,,,,,,,,1571958797254
MswWB7t__VX,YmONQIWli--,2022,ICLR.cc/2022/Conference,ICLR.cc/2022/Conference/Paper3893/Reviewer_Px4w,,,3: You are fairly confident in your assessment. It is possible that you did not understand some parts of the submission or that you are unfamiliar with some pieces of related work. Math/other details were not carefully checked.,,,,,,,,,5: marginally below the acceptance threshold,1635891893390
RD-snkZRn-Q,YmONQIWli--,2022,ICLR.cc/2022/Conference,ICLR.cc/2022/Conference/Paper3893/Reviewer_ybV4,,,3: You are fairly confident in your assessment. It is possible that you did not understand some parts of the submission or that you are unfamiliar with some pieces of related work. Math/other details were not carefully checked.,,,,,,,,,5: marginally below the acceptance threshold,1635909360992
BJuozbDdJk,YmONQIWli--,2022,ICLR.cc/2022/Conference,ICLR.cc/2022/Conference/Paper3893/Reviewer_RPn6,,,3: You are fairly confident in your assessment. It is possible that you did not understand some parts of the submission or that you are unfamiliar with some pieces of related work. Math/other details were not carefully checked.,,,,,,,,,6: marginally above the acceptance threshold,1636062993018
JdElWxd7Oga,YmONQIWli--,2022,ICLR.cc/2022/Conference,ICLR.cc/2022/Conference/Paper3893/Reviewer_4pA6,,,"4: You are confident in your assessment, but not absolutely certain. It is unlikely, but not impossible, that you did not understand some parts of the submission or that you are unfamiliar with some pieces of related work.",,,,,,,,,"8: accept, good paper",1636347840338
H1lRMzRpYr,BJgd81SYwr,2020,ICLR.cc/2020/Conference,ICLR.cc/2020/Conference/Paper1735/AnonReviewer3,,3: Weak Reject,,,,,,,,,,,1571836438249
rJxKsYxycS,BJgd81SYwr,2020,ICLR.cc/2020/Conference,ICLR.cc/2020/Conference/Paper1735/AnonReviewer2,,8: Accept,,,,,,,,,,,1571912097516
S1e1sc_GqB,BJgd81SYwr,2020,ICLR.cc/2020/Conference,ICLR.cc/2020/Conference/Paper1735/AnonReviewer1,,6: Weak Accept,,,,,,,,,,,1572141718603
gXWWqg_0_53,FIrQfNSOoTr,2023,ICLR.cc/2023/Conference,ICLR.cc/2023/Conference/Paper1628/Reviewer_9FpD,,,"4: You are confident in your assessment, but not absolutely certain. It is unlikely, but not impossible, that you did not understand some parts of the submission or that you are unfamiliar with some pieces of related work.",,,,,,,,,6: marginally above the acceptance threshold,1665932760924
O7PfAWNDhu,FIrQfNSOoTr,2023,ICLR.cc/2023/Conference,ICLR.cc/2023/Conference/Paper1628/Reviewer_CT8P,,,"4: You are confident in your assessment, but not absolutely certain. It is unlikely, but not impossible, that you did not understand some parts of the submission or that you are unfamiliar with some pieces of related work.",,,,,,,,,"8: accept, good paper",1666601917929
vas1fJtyxjd,FIrQfNSOoTr,2023,ICLR.cc/2023/Conference,ICLR.cc/2023/Conference/Paper1628/Reviewer_ngm7,,,3: You are fairly confident in your assessment. It is possible that you did not understand some parts of the submission or that you are unfamiliar with some pieces of related work. Math/other details were not carefully checked.,,,,,,,,,6: marginally above the acceptance threshold,1666701526065
QRU4C0pxcD,CuV_qYkmKb3,2022,ICLR.cc/2022/Conference,ICLR.cc/2022/Conference/Paper1990/Reviewer_6ZpH,,,"4: You are confident in your assessment, but not absolutely certain. It is unlikely, but not impossible, that you did not understand some parts of the submission or that you are unfamiliar with some pieces of related work.",,,,,,,,,"8: accept, good paper",1634472284376
_tB3Mw_MGg_,CuV_qYkmKb3,2022,ICLR.cc/2022/Conference,ICLR.cc/2022/Conference/Paper1990/Reviewer_y3t1,,,"4: You are confident in your assessment, but not absolutely certain. It is unlikely, but not impossible, that you did not understand some parts of the submission or that you are unfamiliar with some pieces of related work.",,,,,,,,,"8: accept, good paper",1634521955582
sGtRhIPdEq5,CuV_qYkmKb3,2022,ICLR.cc/2022/Conference,ICLR.cc/2022/Conference/Paper1990/Reviewer_7Frm,,,"4: You are confident in your assessment, but not absolutely certain. It is unlikely, but not impossible, that you did not understand some parts of the submission or that you are unfamiliar with some pieces of related work.",,,,,,,,,6: marginally above the acceptance threshold,1635109794155
y2Xk6xo4z_l,CuV_qYkmKb3,2022,ICLR.cc/2022/Conference,ICLR.cc/2022/Conference/Paper1990/Reviewer_swwj,,,"4: You are confident in your assessment, but not absolutely certain. It is unlikely, but not impossible, that you did not understand some parts of the submission or that you are unfamiliar with some pieces of related work.",,,,,,,,,6: marginally above the acceptance threshold,1635893469585
RjROwoiUvTF,7sWLxZBLPO5,2023,ICLR.cc/2023/Conference,ICLR.cc/2023/Conference/Paper2935/Reviewer_ydF1,,,"4: You are confident in your assessment, but not absolutely certain. It is unlikely, but not impossible, that you did not understand some parts of the submission or that you are unfamiliar with some pieces of related work.",,,,,,,,,6: marginally above the acceptance threshold,1666588960756
VglFUmBKNx,7sWLxZBLPO5,2023,ICLR.cc/2023/Conference,ICLR.cc/2023/Conference/Paper2935/Reviewer_x9Gv,,,3: You are fairly confident in your assessment. It is possible that you did not understand some parts of the submission or that you are unfamiliar with some pieces of related work. Math/other details were not carefully checked.,,,,,,,,,6: marginally above the acceptance threshold,1667387846753
ciVagSEdfZ,7sWLxZBLPO5,2023,ICLR.cc/2023/Conference,ICLR.cc/2023/Conference/Paper2935/Reviewer_EVp1,,,"2: You are willing to defend your assessment, but it is quite likely that you did not understand the central parts of the submission or that you are unfamiliar with some pieces of related work. Math/other details were not carefully checked.",,,,,,,,,"8: accept, good paper",1667526908369
ZVzRjGWCJgS,7sWLxZBLPO5,2023,ICLR.cc/2023/Conference,ICLR.cc/2023/Conference/Paper2935/Reviewer_MaED,,,3: You are fairly confident in your assessment. It is possible that you did not understand some parts of the submission or that you are unfamiliar with some pieces of related work. Math/other details were not carefully checked.,,,,,,,,,"3: reject, not good enough",1667782950376
t8SVEM9N6K,tyyNcEVrklJ,2023,ICLR.cc/2023/Conference,ICLR.cc/2023/Conference/Paper3869/Reviewer_KSta,,,"4: You are confident in your assessment, but not absolutely certain. It is unlikely, but not impossible, that you did not understand some parts of the submission or that you are unfamiliar with some pieces of related work.",,,,,,,,,"3: reject, not good enough",1666563276482
45MxourXhw,tyyNcEVrklJ,2023,ICLR.cc/2023/Conference,ICLR.cc/2023/Conference/Paper3869/Reviewer_byTG,,,"4: You are confident in your assessment, but not absolutely certain. It is unlikely, but not impossible, that you did not understand some parts of the submission or that you are unfamiliar with some pieces of related work.",,,,,,,,,"3: reject, not good enough",1666594329815
qtF0OPp9djo,tyyNcEVrklJ,2023,ICLR.cc/2023/Conference,ICLR.cc/2023/Conference/Paper3869/Reviewer_9jhx,,,5: You are absolutely certain about your assessment. You are very familiar with the related work and checked the math/other details carefully.,,,,,,,,,"3: reject, not good enough",1666654234792
TX1mhDCFU5s,Jnspzp-oIZE,2021,ICLR.cc/2021/Conference,ICLR.cc/2021/Conference/Paper3192/AnonReviewer4,,"7: Good paper, accept",4: The reviewer is confident but not absolutely certain that the evaluation is correct,,,,,,,,,,1603861383250
57XOAZ_6brf,Jnspzp-oIZE,2021,ICLR.cc/2021/Conference,ICLR.cc/2021/Conference/Paper3192/AnonReviewer1,,"7: Good paper, accept",4: The reviewer is confident but not absolutely certain that the evaluation is correct,,,,,,,,,,1603887773536
l_FhaPC7DGO,Jnspzp-oIZE,2021,ICLR.cc/2021/Conference,ICLR.cc/2021/Conference/Paper3192/AnonReviewer2,,"7: Good paper, accept",3: The reviewer is fairly confident that the evaluation is correct,,,,,,,,,,1604374476728
vBngZDFGLIn,Jnspzp-oIZE,2021,ICLR.cc/2021/Conference,ICLR.cc/2021/Conference/Paper3192/AnonReviewer5,,"9: Top 15% of accepted papers, strong accept",4: The reviewer is confident but not absolutely certain that the evaluation is correct,,,,,,,,,,1604975797652
2I6AsqACjah,UjynxfqnGWG,2022,ICLR.cc/2022/Conference,ICLR.cc/2022/Conference/Paper4046/Reviewer_8Th6,,,"4: You are confident in your assessment, but not absolutely certain. It is unlikely, but not impossible, that you did not understand some parts of the submission or that you are unfamiliar with some pieces of related work.",,,,,,,,,"8: accept, good paper",1635827286280
apDyPhTvMDZ,UjynxfqnGWG,2022,ICLR.cc/2022/Conference,ICLR.cc/2022/Conference/Paper4046/Reviewer_k53Q,,,3: You are fairly confident in your assessment. It is possible that you did not understand some parts of the submission or that you are unfamiliar with some pieces of related work. Math/other details were not carefully checked.,,,,,,,,,6: marginally above the acceptance threshold,1635887968246
ZzeNBJYzQ4o,UjynxfqnGWG,2022,ICLR.cc/2022/Conference,ICLR.cc/2022/Conference/Paper4046/Reviewer_YFzD,,,"4: You are confident in your assessment, but not absolutely certain. It is unlikely, but not impossible, that you did not understand some parts of the submission or that you are unfamiliar with some pieces of related work.",,,,,,,,,5: marginally below the acceptance threshold,1635966048852
RJL5UKo1rY0,UjynxfqnGWG,2022,ICLR.cc/2022/Conference,ICLR.cc/2022/Conference/Paper4046/Reviewer_yc2n,,,3: You are fairly confident in your assessment. It is possible that you did not understand some parts of the submission or that you are unfamiliar with some pieces of related work. Math/other details were not carefully checked.,,,,,,,,,"3: reject, not good enough",1635980305471
gU6jTbH3gL,8xuFD1yCoH,2023,ICLR.cc/2023/Conference,ICLR.cc/2023/Conference/Paper3353/Reviewer_1BhX,,,"4: You are confident in your assessment, but not absolutely certain. It is unlikely, but not impossible, that you did not understand some parts of the submission or that you are unfamiliar with some pieces of related work.",,,,,,,,,"3: reject, not good enough",1666240694444
rpA8omftfk,8xuFD1yCoH,2023,ICLR.cc/2023/Conference,ICLR.cc/2023/Conference/Paper3353/Reviewer_Yj9L,,,"4: You are confident in your assessment, but not absolutely certain. It is unlikely, but not impossible, that you did not understand some parts of the submission or that you are unfamiliar with some pieces of related work.",,,,,,,,,"3: reject, not good enough",1666601327381
fGr7rqUOs4,8xuFD1yCoH,2023,ICLR.cc/2023/Conference,ICLR.cc/2023/Conference/Paper3353/Reviewer_xBXx,,,"4: You are confident in your assessment, but not absolutely certain. It is unlikely, but not impossible, that you did not understand some parts of the submission or that you are unfamiliar with some pieces of related work.",,,,,,,,,"3: reject, not good enough",1666670966690
HCShzSheg1,8xuFD1yCoH,2023,ICLR.cc/2023/Conference,ICLR.cc/2023/Conference/Paper3353/Reviewer_khNG,,,3: You are fairly confident in your assessment. It is possible that you did not understand some parts of the submission or that you are unfamiliar with some pieces of related work. Math/other details were not carefully checked.,,,,,,,,,"3: reject, not good enough",1666685571691
kyit56oPyU6,rqzZDh8jqGj,2021,ICLR.cc/2021/Conference,ICLR.cc/2021/Conference/Paper1627/AnonReviewer3,,5: Marginally below acceptance threshold,3: The reviewer is fairly confident that the evaluation is correct,,,,,,,,,,1603843101090
JAgj6Jl0_Q9,rqzZDh8jqGj,2021,ICLR.cc/2021/Conference,ICLR.cc/2021/Conference/Paper1627/AnonReviewer1,,3: Clear rejection,4: The reviewer is confident but not absolutely certain that the evaluation is correct,,,,,,,,,,1603869917895
sZ0kXGkTwWo,rqzZDh8jqGj,2021,ICLR.cc/2021/Conference,ICLR.cc/2021/Conference/Paper1627/AnonReviewer4,,4: Ok but not good enough - rejection,3: The reviewer is fairly confident that the evaluation is correct,,,,,,,,,,1603939680914
7fh2Th1CgaM,rqzZDh8jqGj,2021,ICLR.cc/2021/Conference,ICLR.cc/2021/Conference/Paper1627/AnonReviewer2,,4: Ok but not good enough - rejection,4: The reviewer is confident but not absolutely certain that the evaluation is correct,,,,,,,,,,1604100258560
voHaKrxze_K,yLv6eSBmA-,2023,ICLR.cc/2023/Conference,ICLR.cc/2023/Conference/Paper1904/Reviewer_WNyf,,,3: You are fairly confident in your assessment. It is possible that you did not understand some parts of the submission or that you are unfamiliar with some pieces of related work. Math/other details were not carefully checked.,,,,,,,,,5: marginally below the acceptance threshold,1666401880252
dwdJVQ6Zz8N,yLv6eSBmA-,2023,ICLR.cc/2023/Conference,ICLR.cc/2023/Conference/Paper1904/Reviewer_yzr9,,,3: You are fairly confident in your assessment. It is possible that you did not understand some parts of the submission or that you are unfamiliar with some pieces of related work. Math/other details were not carefully checked.,,,,,,,,,"3: reject, not good enough",1666434873016
cZuhrGfEcI,yLv6eSBmA-,2023,ICLR.cc/2023/Conference,ICLR.cc/2023/Conference/Paper1904/Reviewer_9gBn,,,"4: You are confident in your assessment, but not absolutely certain. It is unlikely, but not impossible, that you did not understand some parts of the submission or that you are unfamiliar with some pieces of related work.",,,,,,,,,"3: reject, not good enough",1666584027043
Gn4hM1HDzh,yLv6eSBmA-,2023,ICLR.cc/2023/Conference,ICLR.cc/2023/Conference/Paper1904/Reviewer_KhPV,,,5: You are absolutely certain about your assessment. You are very familiar with the related work and checked the math/other details carefully.,,,,,,,,,5: marginally below the acceptance threshold,1666703393432
-jzVQ1YrQbl,V6BjBgku7Ro,2021,ICLR.cc/2021/Conference,ICLR.cc/2021/Conference/Paper2661/AnonReviewer2,,6: Marginally above acceptance threshold,4: The reviewer is confident but not absolutely certain that the evaluation is correct,,,,,,,,,,1603847186295
X7sBnBgmSIa,V6BjBgku7Ro,2021,ICLR.cc/2021/Conference,ICLR.cc/2021/Conference/Paper2661/AnonReviewer1,,6: Marginally above acceptance threshold,3: The reviewer is fairly confident that the evaluation is correct,,,,,,,,,,1603904395847
SaAICBJEUS4,V6BjBgku7Ro,2021,ICLR.cc/2021/Conference,ICLR.cc/2021/Conference/Paper2661/AnonReviewer4,,6: Marginally above acceptance threshold,3: The reviewer is fairly confident that the evaluation is correct,,,,,,,,,,1604037499897
YNM9ZNrfayX,V6BjBgku7Ro,2021,ICLR.cc/2021/Conference,ICLR.cc/2021/Conference/Paper2661/AnonReviewer3,,6: Marginally above acceptance threshold,4: The reviewer is confident but not absolutely certain that the evaluation is correct,,,,,,,,,,1604384821303
Y-wwY5GZ-DF,hqkN6lE1fFQ,2022,ICLR.cc/2022/Conference,ICLR.cc/2022/Conference/Paper159/Reviewer_eE87,,,"2: You are willing to defend your assessment, but it is quite likely that you did not understand the central parts of the submission or that you are unfamiliar with some pieces of related work. Math/other details were not carefully checked.",,,,,,,,,"3: reject, not good enough",1635469045864
0GWUUsM4qWg,hqkN6lE1fFQ,2022,ICLR.cc/2022/Conference,ICLR.cc/2022/Conference/Paper159/Reviewer_wuA4,,,3: You are fairly confident in your assessment. It is possible that you did not understand some parts of the submission or that you are unfamiliar with some pieces of related work. Math/other details were not carefully checked.,,,,,,,,,5: marginally below the acceptance threshold,1635893580786
soFRhxau__j,hqkN6lE1fFQ,2022,ICLR.cc/2022/Conference,ICLR.cc/2022/Conference/Paper159/Reviewer_w8oo,,,"2: You are willing to defend your assessment, but it is quite likely that you did not understand the central parts of the submission or that you are unfamiliar with some pieces of related work. Math/other details were not carefully checked.",,,,,,,,,6: marginally above the acceptance threshold,1636304570704
_SBJDDrKIqw,Dk7QQp8jHEo,2023,ICLR.cc/2023/Conference,ICLR.cc/2023/Conference/Paper2653/Reviewer_auqC,,,3: You are fairly confident in your assessment. It is possible that you did not understand some parts of the submission or that you are unfamiliar with some pieces of related work. Math/other details were not carefully checked.,,,,,,,,,"8: accept, good paper",1666698344860
cKVLfFBvoIf,Dk7QQp8jHEo,2023,ICLR.cc/2023/Conference,ICLR.cc/2023/Conference/Paper2653/Reviewer_3CEp,,,"2: You are willing to defend your assessment, but it is quite likely that you did not understand the central parts of the submission or that you are unfamiliar with some pieces of related work. Math/other details were not carefully checked.",,,,,,,,,6: marginally above the acceptance threshold,1666843429432
O2338-qair,Dk7QQp8jHEo,2023,ICLR.cc/2023/Conference,ICLR.cc/2023/Conference/Paper2653/Reviewer_2Lnk,,,3: You are fairly confident in your assessment. It is possible that you did not understand some parts of the submission or that you are unfamiliar with some pieces of related work. Math/other details were not carefully checked.,,,,,,,,,"8: accept, good paper",1666876171306
OIzXuqVIa9v,Dk7QQp8jHEo,2023,ICLR.cc/2023/Conference,ICLR.cc/2023/Conference/Paper2653/Reviewer_FUsZ,,,3: You are fairly confident in your assessment. It is possible that you did not understand some parts of the submission or that you are unfamiliar with some pieces of related work. Math/other details were not carefully checked.,,,,,,,,,6: marginally above the acceptance threshold,1667439499319
HJxngHKiKB,H1g79ySYvB,2020,ICLR.cc/2020/Conference,ICLR.cc/2020/Conference/Paper1872/AnonReviewer2,,1: Reject,,,,,,,,,,,1571685619975
Bylpt08hYS,H1g79ySYvB,2020,ICLR.cc/2020/Conference,ICLR.cc/2020/Conference/Paper1872/AnonReviewer1,,3: Weak Reject,,,,,,,,,,,1571741317351
SkeYd-i2FB,H1g79ySYvB,2020,ICLR.cc/2020/Conference,ICLR.cc/2020/Conference/Paper1872/AnonReviewer3,,1: Reject,,,,,,,,,,,1571758449116
ti7VYOTptL,Ojpb1y8jflw,2023,ICLR.cc/2023/Conference,ICLR.cc/2023/Conference/Paper2506/Reviewer_cRkf,,,"4: You are confident in your assessment, but not absolutely certain. It is unlikely, but not impossible, that you did not understand some parts of the submission or that you are unfamiliar with some pieces of related work.",,,,,,,,,"3: reject, not good enough",1666439168138
8-F9q3hpRO,Ojpb1y8jflw,2023,ICLR.cc/2023/Conference,ICLR.cc/2023/Conference/Paper2506/Reviewer_tGFV,,,3: You are fairly confident in your assessment. It is possible that you did not understand some parts of the submission or that you are unfamiliar with some pieces of related work. Math/other details were not carefully checked.,,,,,,,,,"8: accept, good paper",1666655437550
Kwqykuydzt,Ojpb1y8jflw,2023,ICLR.cc/2023/Conference,ICLR.cc/2023/Conference/Paper2506/Reviewer_2TB7,,,3: You are fairly confident in your assessment. It is possible that you did not understand some parts of the submission or that you are unfamiliar with some pieces of related work. Math/other details were not carefully checked.,,,,,,,,,"8: accept, good paper",1667062934776
lEmpPMLmR8,Ojpb1y8jflw,2023,ICLR.cc/2023/Conference,ICLR.cc/2023/Conference/Paper2506/Reviewer_XLzz,,,"4: You are confident in your assessment, but not absolutely certain. It is unlikely, but not impossible, that you did not understand some parts of the submission or that you are unfamiliar with some pieces of related work.",,,,,,,,,6: marginally above the acceptance threshold,1667146420574
G68WUgx26m,Ojpb1y8jflw,2023,ICLR.cc/2023/Conference,ICLR.cc/2023/Conference/Paper2506/Reviewer_J5vi,,,"2: You are willing to defend your assessment, but it is quite likely that you did not understand the central parts of the submission or that you are unfamiliar with some pieces of related work. Math/other details were not carefully checked.",,,,,,,,,6: marginally above the acceptance threshold,1667206183922
B1xkzupttH,SkxWnkStvS,2020,ICLR.cc/2020/Conference,ICLR.cc/2020/Conference/Paper1941/AnonReviewer1,,3: Weak Reject,,,,,,,,,,,1571571719095
BklbTSL0Fr,SkxWnkStvS,2020,ICLR.cc/2020/Conference,ICLR.cc/2020/Conference/Paper1941/AnonReviewer2,,1: Reject,,,,,,,,,,,1571870136678
gEeeZ3w8lbm,xYGNO86OWDH,2021,ICLR.cc/2021/Conference,ICLR.cc/2021/Conference/Paper328/AnonReviewer1,,"7: Good paper, accept",4: The reviewer is confident but not absolutely certain that the evaluation is correct,,,,,,,,,,1603786284349
vhb-6sq1L2S,xYGNO86OWDH,2021,ICLR.cc/2021/Conference,ICLR.cc/2021/Conference/Paper328/AnonReviewer4,,"7: Good paper, accept",3: The reviewer is fairly confident that the evaluation is correct,,,,,,,,,,1603826349593
c2eh9aVicTC,xYGNO86OWDH,2021,ICLR.cc/2021/Conference,ICLR.cc/2021/Conference/Paper328/AnonReviewer2,,"7: Good paper, accept",4: The reviewer is confident but not absolutely certain that the evaluation is correct,,,,,,,,,,1603849175407
0I8dv4MPInH,arg1dQSS6Mh,2023,ICLR.cc/2023/Conference,ICLR.cc/2023/Conference/Paper2484/Reviewer_hgQc,,,"4: You are confident in your assessment, but not absolutely certain. It is unlikely, but not impossible, that you did not understand some parts of the submission or that you are unfamiliar with some pieces of related work.",,,,,,,,,"3: reject, not good enough",1666511275223
_KKz0wMQ-wS,arg1dQSS6Mh,2023,ICLR.cc/2023/Conference,ICLR.cc/2023/Conference/Paper2484/Reviewer_a3kk,,,1: You are unable to assess this paper and have alerted the ACs to seek an opinion from different reviewers.,,,,,,,,,5: marginally below the acceptance threshold,1666558801072
_-BBqIWi0xi,arg1dQSS6Mh,2023,ICLR.cc/2023/Conference,ICLR.cc/2023/Conference/Paper2484/Reviewer_2RdH,,,5: You are absolutely certain about your assessment. You are very familiar with the related work and checked the math/other details carefully.,,,,,,,,,"3: reject, not good enough",1666697897717
Hyguk1hhKB,S1ecYANtPr,2020,ICLR.cc/2020/Conference,ICLR.cc/2020/Conference/Paper1258/AnonReviewer2,,3: Weak Reject,,,,,,,,,,,1571761888128
HylTsRJxqS,S1ecYANtPr,2020,ICLR.cc/2020/Conference,ICLR.cc/2020/Conference/Paper1258/AnonReviewer1,,8: Accept,,,,,,,,,,,1571974820842
Skg1tSgV5S,S1ecYANtPr,2020,ICLR.cc/2020/Conference,ICLR.cc/2020/Conference/Paper1258/AnonReviewer4,,3: Weak Reject,,,,,,,,,,,1572238711239
SJxLkbwatH,HyeJmlrFvH,2020,ICLR.cc/2020/Conference,ICLR.cc/2020/Conference/Paper2194/AnonReviewer1,,3: Weak Reject,,,,,,,,,,,1571807454156
r1xsybtTFB,HyeJmlrFvH,2020,ICLR.cc/2020/Conference,ICLR.cc/2020/Conference/Paper2194/AnonReviewer3,,6: Weak Accept,,,,,,,,,,,1571815651509
Bkxbah715H,HyeJmlrFvH,2020,ICLR.cc/2020/Conference,ICLR.cc/2020/Conference/Paper2194/AnonReviewer2,,3: Weak Reject,,,,,,,,,,,1571925177391
