author_id,name,affiliation,joined_date,personal_links,positions,institutions,timeframes,advisors,expertise
~Sijia_Chen8,Sijia Chen,"Researcher, Meta AI, Facebook",,linkedin: https://www.linkedin.com/in/sijia-chen/,Researcher; MS student,"Meta AI, Facebook (meta.com); Electrical and Computer Engineering, Carnegie Mellon University (cmu.edu)",2019 - Present; 2017 - 2019,,
~Pouria_Mahdavinia1,Pouria Mahdavinia,"PhD student, Computer Science and Engineering, Pennsylvania State University",,"google_scholar: https://scholar.google.com/citations?hl=en&user=7HUohNsAAAAJ, dblp: https://dblp.org/pid/331/5410, linkedin: https://www.linkedin.com/in/pouria-mahdavinia-486b59212/, semantic_scholar: https://www.semanticscholar.org/author/Pouria-Mahdavinia/2188067861",PhD student,"Computer Science and Engineering, Pennsylvania State University (psu.edu)",2021 - Present,PhD Advisor: Mehrdad Mahdavi (2021 - Present); Coworker: Yuyang Deng (2021 - Present); Coworker: Haochuan Li (2021 - Present),"First order optimization methods, Minimax and Bilevel optimization (2021 - Present)"
~Todor_Stoyanov1,Todor Stoyanov,"Associate Professor, Örebro University",,"homepage: https://amm.aass.oru.se/people/todor-stoyanov/, google_scholar: https://scholar.google.se/citations?user=GJIaXm4AAAAJ, orcid: https://orcid.org/0000-0002-6013-4874",Associate Professor; Associate Professor; Assistant Professor; Postdoc; PhD student; MS student; Undergrad student,"Örebro University (oru.se); Computer Science, McMaster University (mcmaster.ca); Örebro University (oru.se); Örebro University (oru.se); Örebro University (oru.se); Jacobs University Bremen (jacobs-university.de); Jacobs University Bremen (jacobs-university.de)",2018 - 2025; 2022 - 2023; 2014 - 2018; 2012 - 2014; 2008 - 2012; 2006 - 2008; 2003 - 2006,PhD Advisee: Shih-Min Yang (2021 - 2025); PhD Advisee: Dinh-Cuong Hoang (2017 - 2021); PhD Advisor: Achim J. Lilienthal (2008 - 2014),
~Tong_Yu8,Tong Yu,"Researcher, IEIT System",,orcid: https://orcid.org/0000-0003-0447-8303,Researcher; PhD student; Undergrad student,IEIT System (inspur.com); Purdue University (purdue.edu); Peking University (pku.edu.cn),2018 - Present; 2013 - 2018; 2009 - 2013,,"Generative model, multi-modal model (2022 - Present); Language model (2021 - Present); deep learning (2016 - Present)"
~Rong_Fu2,Rong Fu,"MS student, the Institute of Collaborative Innovation, University of Macau",,"homepage: https://github.com/furonglegend, orcid: https://orcid.org/0009-0005-9677-1401",MS student; Undergrad student,"the Institute of Collaborative Innovation, University of Macau (um.edu.mo); School of Traffic and Transportation, Beijing Jiaotong University (bjtu.edu.cn)",2024 - 2026; 2017 - 2021,Coworker: Derek F. Wong (2024 - 2026); Coworker: Simon Fong (2024 - 2026); Coauthor: Zhedong Zheng (2024 - 2026); Coauthor: Simon James Fong (2024 - 2026); Coauthor: Jianbing Shen (2024 - 2026),Data Science (2017 - 2025); Artificial intelligence (2017 - 2025); Natural language processing (2017 - 2025); Reinforcement Learning (2017 - 2025); Deep learning (2017 - 2025); Machine learning (2017 - 2025); Artificial Intelligence Applications (2017 - 2025); Finance (2017 - 2025); Computer Vision (2017 - 2025)
~Jianxi_Ye1,Jianxi Ye,"Engineer, ByteDance Inc.",,linkedin: https://www.linkedin.com/in/yejianxi,Engineer,ByteDance Inc. (bytedance.com),2020 - Present,,
~Hongyi_Peng1,Hongyi Peng,"PhD student, Nanyang Technological University",,linkedin: https://www.linkedin.com/in/hongyi-peng-63774a119/?originalSubdomain=sg,PhD student; MS student; Undergrad student,Nanyang Technological University (ntu.edu.sg); National University of Singapore (nus.edu.sg); Nanyang Technological University (ntu.edu.sg),2021 - 2025; 2019 - 2020; 2015 - 2019,PhD Advisor: Han Yu (2021 - 2025); PhD Advisor: Bolin Ding (2021 - 2025),
~Fei_Wang48,Fei Wang,"Researcher, AI, IEIT SYSTEMS CO.,LTD",,homepage: http://www.baidu.com/link?url=bRFyFsRIoy1ubbjCOqnLg9cpnl5hWbub8xxj--VRgDCjuc5W8-FFmGRdgHxfRPhDOujOJcsDsW8NQNAeRV0kb_,Researcher,"AI, IEIT SYSTEMS CO.,LTD (ieisystem.com)",2022 - 2025,,AI (2022 - 2025)
~Xinxin_Liu5,Xinxin Liu,"MS student, Southern University of Science and Technology",,homepage: https://github.com/liu-sakura,MS student,Southern University of Science and Technology (sustech.edu.cn),2023 - Present,Coauthor: Xitong Gao (2023 - Present),
~Qingfu_Zhu1,Qingfu Zhu,"Associate Professor, Harbin Institute of Technology",,"homepage: http://ir.hit.edu.cn/~qfzhu/, dblp: https://dblp.org/pid/185/0500, acl_anthology: https://aclanthology.org/people/q/qingfu-zhu/",Associate Professor,Harbin Institute of Technology (hit.edu.cn),2025 - Present,PhD Advisor: Ting Liu (2015 - 2021); PhD Advisor: Weinan Zhang (2015 - 2021); Coauthor: William Yang Wang (2019 - 2020); Coauthor: Lei Cui (2017 - 2018),code generation and understanding (2021 - Present)
~Xin_Li2,Xin Li,"Full Professor, CS, State University of New York at Albany",,"google_scholar: https://scholar.google.com/citations?user=gMBvzGoAAAAJ&hl=en, dblp: https://dblp.org/pid/09/1365-5, orcid: https://orcid.org/0000-0003-2067-2763",Full Professor; Full Professor,"CS, State University of New York at Albany (albany.edu); CSEE, West Virginia University (wvu.edu)",2023 - Present; 2003 - 2023,Coauthor: Huchuan Lu (2016 - 2016); Coauthor: Andrea Vedaldi (2016 - 2016); Coauthor: Longyin Wen (2016 - 2016); Coauthor: Tianzhu Zhang (2016 - 2016); Coauthor: Horst Bischof (2016 - 2016); Coauthor: Qingming Huang (2016 - 2016); Coauthor: Filiz Bunyak (2016 - 2016); Coauthor: Jorgen Ahlberg (2016 - 2016); Coauthor: Andy jinhua Ma (2016 - 2016); Coauthor: Michael Felsberg (2016 - 2016); Coauthor: Hongdong Li (2016 - 2016); Coauthor: Siwei Lyu (2016 - 2016); Coauthor: Horst Possegger (2016 - 2016); Coauthor: Naiyan Wang (2016 - 2016); Coauthor: Aykut Erdem (2016 - 2016); Coauthor: Ondrej Miksik (2016 - 2016); Coauthor: Dacheng Tao (2016 - 2016); Coauthor: Horst Bischof (2016 - 2016); Coauthor: Bernard Ghanem (2016 - 2016); Coauthor: Dit-yan Yeung (2016 - 2016); Coauthor: Jiri Matas (2016 - 2016); Coauthor: Junliang Xing (2016 - 2016); Coauthor: Laurent Kneip (2015 - 2015); Coauthor: Xiaolei Huang (2014 - 2015); Coauthor: Enhong Chen (2011 - 2015); Coauthor: Tianming Liu (2014 - 2014); Coauthor: Tianming Liu (2014 - 2014); Coauthor: Giuseppe Patane' (2013 - 2014); Coauthor: Xin Jin (2011 - 2014); Coauthor: Junwei Han (2011 - 2014); Coauthor: Xiaoqing Ding (2011 - 2014); Coauthor: Jun Chen (2011 - 2014); Coauthor: Xiaolei Huang (2011 - 2014); Coauthor: Shu Wang (2011 - 2014); Coauthor: Jun Xu (2011 - 2014); Coauthor: Jun Xu (2011 - 2014); Coauthor: Jian Li (2011 - 2014); Coauthor: Li Wang (2011 - 2014); Coauthor: Yan Pan (2011 - 2014); Coauthor: Xin Fan (2011 - 2014); Coauthor: Frank Liu (2011 - 2014); Coauthor: Min Li (2011 - 2014); Coauthor: Zhe  Xu (2011 - 2014); Coauthor: Hongyuan Zha (2011 - 2014); Coauthor: Wenhao Jiang (2011 - 2014); Coauthor: Jing Liu (2011 - 2014); Coauthor: Liang Wang (2011 - 2014); Coauthor: Min Li (2011 - 2014); Coauthor: Leiting Chen (2011 - 2014); Coauthor: David Gu (2011 - 2014); Coauthor: Peng Guan (2011 - 2014); Coauthor: Wei Zhang (2011 - 2014); Coauthor: Wei Zhang (2011 - 2014); Coauthor: Fei Wang (2011 - 2014); Coauthor: Fan Yang (2011 - 2014); Coauthor: Mubarak Shah (2011 - 2014); Coauthor: Siyi Li (2011 - 2014); Coauthor: Wei Zhang (2011 - 2014); Coauthor: Xiaowu Chen (2011 - 2014); Coauthor: Weifeng Chen (2011 - 2014); Coauthor: Xing Wei (2011 - 2014); Coauthor: Guodong Guo (2011 - 2014); Coauthor: Xin Jin (2011 - 2014); Coauthor: Jun Chen (2011 - 2014); Coauthor: Xingyu Gao (2011 - 2014); Coauthor: Jie Zhou (2011 - 2014); Coauthor: Dong Xu (2011 - 2014); Coauthor: Qian Chen (2011 - 2014); Coauthor: Long Yang (2011 - 2014); Coauthor: Jian Guo (2011 - 2014); Coauthor: Gang Chen (2011 - 2014); Coauthor: Fan Yang (2011 - 2014); Coauthor: Zhiyong Wang (2012 - 2012); Coauthor: Ramkrishnan Narayanan (2012 - 2012); Coauthor: Saradwata Sarkar (2012 - 2012); Coauthor: Haibing Guan (2010 - 2010); Coauthor: Haibin Ling (2009 - 2009); Coauthor: Radka Stoyanova (2005 - 2005),low-level vision (Present); face and gesture (Present); 3D computer vision (Present)
~Sai_Surya_Duvvuri1,Sai Surya Duvvuri,"PhD student, Computer Science, University of Texas at Austin",,"google_scholar: https://scholar.google.com/citations?user=UL3980gAAAAJ&hl=en, dblp: https://dblp.org/pid/277/6122, linkedin: https://www.linkedin.com/in/sai-surya-duvvuri-79903511b/",PhD student; Research Fellow; Undergrad student,"Computer Science, University of Texas at Austin (cs.utexas.edu); Microsoft Research India (microsoft.com); Indian Institute of Technology Kharagpur, Computer Science and Engineering (iitkgp.ac.in)",2021 - Present; 2019 - 2021; 2015 - 2019,Coworker: Cho-Jui Hsieh (2022 - Present); Coworker: Fnu Devvrit (2022 - Present); Coworker: Nilesh Gupta (2022 - Present); Coworker: Vineet Gupta (2022 - Present); Coworker: Rohan Anil (2022 - Present); PhD Advisor: Inderjit Dhillon (2021 - Present),Large Language Models (2023 - Present); Optimization (2021 - Present); Deep learning (2018 - Present)
~Chubin_Chen1,Chubin Chen,"MS student, Tsinghua University",,"homepage: https://github.com/tobbler?tab=repositories, google_scholar: https://scholar.google.com/citations?hl=en&user=cVOC7dwAAAAJ, dblp: https://dblp.org/pid/394/4915, orcid: https://orcid.org/0009-0004-4169-5491",MS student; Undergrad student,Tsinghua University (tsinghua.edu.cn); Beijing University of Posts and Telecommunications (bupt.edu.cn),2024 - 2027; 2020 - 2024,,Generative AI (Present)
~Yuan-Hong_Liao2,Yuan-Hong Liao,"PhD student, University of Toronto",,"homepage: https://andrewliao11.github.io, google_scholar: https://scholar.google.com/citations?user=cL05XGsAAAAJ&hl=en, dblp: https://dblp.org/pid/17/2625, linkedin: https://www.linkedin.com/in/andrewliao11/",PhD student; Undergrad student,University of Toronto (toronto.edu); National Tsing Hua University (nthu.edu.tw),2019 - Present; 2013 - 2017,PhD Advisor: Sanja Fidler (2019 - Present); Coauthor: Min Sun (2013 - 2017),Vision-Language Models (2023 - Present); Data-centric AI (2021 - Present); Computer vision (2016 - Present); Crowdsourcing (2020 - 2022); Program generation (2018 - 2019)
~Sujay_Menon1,Sujay Menon,"MS student, Computer Science, Dalhousie University",,linkedin: https://www.linkedin.com/in/sujay-menon-ba01b6292,MS student,"Computer Science, Dalhousie University (dal.ca)",2025 - 2026,,Machine Unlearning (2025 - Present); Convolutional Neural Networks (2025 - Present)
~Jiangshan_Wang2,Jiangshan Wang,"MS student, Tsinghua University, Tsinghua University",,"homepage: https://github.com/wangjiangshan0725, dblp: https://dblp.org/pid/124/2780.html, orcid: https://orcid.org/0009-0004-9314-021X",MS student; Undergrad student,"Tsinghua University, Tsinghua University (mail.tsinghua.edu.cn); Beijing University of Posts and Telecommunications (bupt.edu.cn)",2023 - Present; 2019 - 2023,Coauthor: Jiayi Guo (Present); PhD Advisor: Xiu Li (2023 - Present),computer vision (2022 - Present); deep learning (2022 - Present)
~Ji_Zhang15,Ji Zhang,"Researcher, China Telecom",,homepage: https://orcid.org/0009-0008-9416-348X,Researcher; MS student,China Telecom (chinatelecom.com.cn); Sichuan University (scu.edu.cn),1997 - 2026; 2005 - 2008,Coauthor: Xilong Yang (2023 - 2026),"Deterministic Industrial Internet, Mobile and optical acess technology, AI for network and network for AI (1997 - 2025)"
~Haewoon_Nam1,Haewoon Nam,"Full Professor, Hanyang University",,"homepage: http://icsl.hanyang.ac.kr/~hnam, dblp: https://dblp.org/pid/95/3039",Full Professor; PhD student,"Hanyang University (hanyang.ac.kr); Electrical and Computer Engineering, University of Texas at Austin (utexas.edu)",2011 - 2037; 2002 - 2006,Coworker: Sang-Woon Jeon (Present),Swarm robotics (2014 - 2024); Wireless Communications (2002 - 2024); Embedded Software (1999 - 2011)
~YuanqiangLiu1,YuanqiangLiu,"Researcher, ByteDance Inc.",,google_scholar: https://scholar.google.com/citations?user=OPyFdccAAAAJ&hl=zh-CN,Researcher; MS student,ByteDance Inc. (bytedance.com); Peking University (pku.edu.cn),2022 - Present; 2019 - 2022,,
~Qianli_Liao1,Qianli Liao,"PhD student, Massachusetts Institute of Technology",,dblp: https://dblp.org/pid/137/8406,PhD student,Massachusetts Institute of Technology (mit.edu),Present,,
~Pegah_Mohammadipour1,Pegah Mohammadipour,"PhD student, Mathematics, Pennsylvania State University",,homepage: https://science.psu.edu/math/people/pmm5999,PhD student,"Mathematics, Pennsylvania State University (psu.edu)",2022 - Present,PhD Advisor: Xiantao Li (2023 - 2027),Quantum Computing (2022 - 2027)
~Ziheng_Jiang1,Ziheng Jiang,"Research Scientist, ByteDance",,"homepage: http://www.ziheng.org/, google_scholar: https://scholar.google.com/citations?user=tuRCeekAAAAJ&hl=en, dblp: https://dblp.org/pid/14/8980",Research Scientist; PhD student; Undergrad student,"ByteDance (bytedance.com); University of Washington, Seattle (uw.edu); Fudan University (fudan.edu)",2021 - Present; 2018 - 2021; 2013 - 2018,PhD Advisor: Luis Ceze (2018 - Present),Deep Learning (2014 - Present); Learning System (2014 - Present); Machine Learning for System (2014 - Present)
~Simon_James_Fong2,Simon James Fong,"Associate Professor, Computer Science, University of Macau",,"homepage: https://www.fst.um.edu.mo/people/ccfong/, google_scholar: https://scholar.google.com/citations?hl=zh-CN&user=A7ZDbloAAAAJ, dblp: https://dblp.org/pid/50/2205, orcid: https://orcid.org/0000-0002-1848-7246, semantic_scholar: https://www.semanticscholar.org/author/S.-Fong/143601468",Associate Professor; Associate Professor,"Computer Science, University of Macau (umac.mo); Department of Computer and Information Science, University of Macau (um.edu.mo)",2001 - Present; 2001 - Present,PhD Advisee: Rong Fu (2024 - 2026),Data mining (Present); Machine learning (Present); Medical application (Present); AI for medical applications (2001 - Present)
~Hui_Jin1,Hui Jin,"Researcher, ByteDance Inc.",,"homepage: https://huijin12.github.io/, semantic_scholar: https://www.semanticscholar.org/author/Hui-Jin/2109929634",Researcher; Researcher; PhD student; Undergrad student,"ByteDance Inc. (bytedance.com); Huawei Noah's Ark Lab, Huawei Technologies Ltd. (huawei.com); University of California, Los Angeles (ucla.edu); Peking University (pku.edu.cn)",2025 - Present; 2023 - 2025; 2017 - 2022; 2013 - 2017,PhD Advisor: Guido Montufar (2018 - Present),"deep learning, optimization, generalization (Present)"
~Jonathan_García1,Jonathan García,"PhD student, Mathematics, Universität Vienna",,"google_scholar: https://scholar.google.com/citations?user=QbEIvPEAAAAJ, orcid: https://orcid.org/0000-0003-0617-9884, linkedin: https://www.linkedin.com/in/jonathan-garcia-rebellon-8909a3263?lipi=urn%3Ali%3Apage%3Ad_flagship3_profile_view_base_contact_details%3BSwO0eQTDQUukgp79%2Fn4B3A%3D%3D",PhD student; MS student; Undergrad student,"Mathematics, Universität Vienna (univie.ac.at); Mathematics, Universidad del Valle (correounivalle.edu.co); Mathematics, Universidad del Valle (correounivalle.edu.co)",2024 - Present; 2021 - 2023; 2014 - 2021,PhD Advisor: Philipp Christian Petersen (2024 - Present),Number theory (Present); Mathematics of machine learning (2024 - Present)
~Bo_Yang22,,,,,,,,,
~Benjamin_Tod_Jones1,Benjamin Tod Jones,"Postdoc, Computer Science & Artificial Intelligence Laboratory, Massachusetts Institute of Technology",,"homepage: http://bentodjones.com, google_scholar: https://scholar.google.com/citations?user=iGbmeZIAAAAJ, dblp: https://dblp.org/pid/228/6104, orcid: https://orcid.org/0000-0001-8524-4730, semantic_scholar: https://www.semanticscholar.org/author/Benjamin-T.-Jones/2105617250",Postdoc; PhD student; Undergrad student,"Computer Science & Artificial Intelligence Laboratory, Massachusetts Institute of Technology (mit.edu); Computer Science and Engineering, University of Washington (uw.edu); Physics, Mathematics, and Computer Science, Harvey Mudd College (hmc.edu)",2024 - Present; 2015 - 2024; 2008 - 2012,Postdoc Advisor: Wojciech Matusik (2024 - Present); PhD Advisor: Adriana Schulz (2019 - 2024); PhD Advisor: Steve Tanimoto (2017 - 2019); PhD Advisor: Shyamnath Gollakota (2015 - 2016),graphics (Present); computer aided design (Present); CAD (Present); graph neural networks (Present); GNN (Present); computational design (Present); computational fabrication (Present)
~Tommie_Kerssies1,Tommie Kerssies,"PhD student, Electrical Engineering, Eindhoven University of Technology",,"homepage: https://tommiekerssies.com, google_scholar: https://scholar.google.com/citations?user=rrJn-eEAAAAJ, dblp: https://dblp.org/pid/326/8106, orcid: https://orcid.org/0009-0001-7375-5805, linkedin: https://www.linkedin.com/in/tommie-kerssies/, semantic_scholar: https://www.semanticscholar.org/author/Tommie-Kerssies/2181874847",PhD student; MS student; Undergrad student,"Electrical Engineering, Eindhoven University of Technology (tue.nl); Mathematics and Computer Science, Eindhoven University of Technology (tue.nl); Mathematics and Computer Science, Eindhoven University of Technology (tue.nl)",2023 - Present; 2020 - 2023; 2017 - 2020,PhD Advisor: Gijs Dubbelman (2023 - Present); Co-supervisor: Daan de Geus (2023 - Present); Coauthor: Brunó B. Englert (2023 - Present); Coworker: Ariyan Bighashdel (2023 - Present); Coworker: Kurt Stolle (2023 - Present); Coauthor: Narges Norouzi (2023 - Present); Coworker: Svetlana Orlova (2023 - Present); Coworker: Pavol Jancura (2023 - Present); Co-supervisor: Mert Kilickaya (2022 - 2023); Supervisor: Joaquin Vanschoren (2021 - 2023),vision foundation models (2023 - Present); image segmentation (2022 - Present); domain generalization (2022 - Present); domain adaptation (2022 - Present); neural architecture search (2022 - Present); anomaly detection (2022 - Present); deep learning (2021 - Present)
~Tongliang_Liu1,Tongliang Liu,"Associate Professor, University of Sydney",,"homepage: https://tongliang-liu.github.io/, google_scholar: https://scholar.google.com.au/citations?user=EiLdZ_YAAAAJ&hl=en, dblp: https://dblp.org/pid/150/6667, semantic_scholar: https://www.semanticscholar.org/author/Tongliang-Liu/121698214",Associate Professor; Visiting Scientist; Affiliated Associate Professor; Lecturer; Lecturer; PhD,University of Sydney (sydney.edu.au); RIKEN (riken.jp); Mohamed bin Zayed University of Artificial Intelligence (mbzuai.ac.ae); University of Sydney (sydney.edu.au); University of Technology Sydney (uts.edu.au); University of Technology Sydney (uts.edu.au),2023 - Present; 2020 - Present; 2022 - 2025; 2017 - 2023; 2016 - 2017; 2012 - 2016,Coauthor: Quanming Yao (2020 - Present); Coauthor: Yang Liu (2020 - Present); Coauthor: Masashi Sugiyama (2018 - Present); Coauthor: Gang Niu (2018 - Present); Coauthor: Bo Han (2018 - Present); Coauthor: Cheng Deng (2018 - Present); Coauthor: Kun Zhang (2015 - Present); Coauthor: Mingming Gong (2014 - Present); Coauthor: Chen Gong (2014 - Present); Coauthor: Nannan Wang (2012 - Present); PhD Advisee: Erkun Yang (2018 - 2020); PhD Advisor: Dacheng Tao (2012 - 2016),Learning with noisy labels (Present); Weakly supervised learning (Present); Adversarial learning (Present); Transfer learning (Present)
~Kai_Guo4,Kai Guo,"Postdoc, Computer Science and Engineering, Michigan State University",,"google_scholar: https://scholar.google.com/citations?user=v6jYru8AAAAJ&hl=zh-CN, dblp: https://dblp.org/pid/20/5094-3, semantic_scholar: https://www.semanticscholar.org/author/Kai-Guo/2061502351",Postdoc; PhD student,"Computer Science and Engineering, Michigan State University (msu.edu); Jilin University (jlu.edu.cn)",2024 - Present; 2020 - 2024,Postdoc Advisor: Jiliang Tang (2024 - Present); PhD Advisor: Yi Chang (2020 - 2024),Graph Machine Learning (2020 - Present)
~Rogério_Abreu_de_Paula1,Rogério Abreu de Paula,"Researcher, AI Research, IBM TJ Watson Research Center",,"homepage: https://research.ibm.com/people/rogerio-abreu-de-paula, google_scholar: https://scholar.google.com/citations?user=Sqgh138AAAAJ&hl=en, dblp: https://dblp.org/pid/130/2269, linkedin: https://www.linkedin.com/in/rodep/",Researcher; Researcher,"AI Research, IBM TJ Watson Research Center (researcher.watson.ibm.com); Intel (intel.com)",2012 - Present; 2005 - 2011,,Human-AI Interaction (2012 - Present); Machine Learning (2012 - Present); Human Computer Interaction (2001 - Present); Language Technologies (2001 - Present)
~Weizhen_Li5,Weizhen Li,"MS student, College of Mathematics and Informatics, South China Agricultural University",,"homepage: https://github.com/liweizhen111, dblp: https://dblp.org/pid/345/7898, semantic_scholar: https://www.semanticscholar.org/author/Weizhen-Li/2330984728, acl_anthology: https://aclanthology.org/people/w/weizhen-li/",MS student,"College of Mathematics and Informatics, South China Agricultural University (scau.edu.cn)",2023 - 2026,,
~Wentao_Wu6,Wentao Wu,"Intern, IFLYTEK CO.LTD.",,linkedin: https://www.linkedin.com/in/wuwt/,Intern; MS student,"IFLYTEK CO.LTD. (iflytek.com); Department of Computer Science, Soochow University (stu.suda.edu.cn)",2019 - Present; 2016 - 2019,,large language model (2021 - Present); information extraction (2016 - Present)
~Jie_Huang15,Jie Huang,"Researcher, Seed, ByteDance Inc.",,google_scholar: https://scholar.google.com/citations?view_op=list_works&hl=en&user=DvPllp4AAAAJ,Researcher; Researcher; MS student; Undergrad student,"Seed, ByteDance Inc. (bytedance.com); R&D, Yitu (yitu.com); Computer Science, ETHZ - ETH Zurich (eth.edu); Computer Science, Tsinghua University (cs.tsinghua.edu.cn)",2021 - Present; 2018 - 2021; 2016 - 2018; 2012 - 2016,,
~Yaxi_Hu1,Yaxi Hu,"PhD student, Max Planck Institute for Intelligent Systems",,"dblp: https://dblp.org/pid/322/1093.html, linkedin: https://www.linkedin.com/in/yaxi-hu-8910b5233/",PhD student; MS student; Undergrad student,Max Planck Institute for Intelligent Systems (is.tuebingen.mpg.de); ETHZ - ETH Zurich (ethz.ch); Nanyang Technological University (ntu.edu.sg),2023 - 2026; 2020 - 2023; 2016 - 2020,,
~Pengxu_Wei1,,,,,,,,,
~Boyan_Xin1,Boyan Xin,"PhD student, SUN YAT-SEN UNIVERSITY",,orcid: https://orcid.org/0009-0007-3693-4760,PhD student,SUN YAT-SEN UNIVERSITY (sysu.edu.cn),2021 - Present,,deep learning and data assimilation (2021 - Present)
~Yaqing_Zhang6,Yaqing Zhang,"Undergrad student, School of Cybersecurity, People's Public Security University of China",,homepage: https://blog.csdn.net/2301_81387880?spm=1000.2115.3001.5343,Undergrad student,"School of Cybersecurity, People's Public Security University of China (ppsuc.edu)",2023 - 2027,,
~Giannis_Daras1,Giannis Daras,"Postdoc, CSAIL, Massachusetts Institute of Technology",,"homepage: https://giannisdaras.github.io/, google_scholar: https://scholar.google.com/citations?user=LaScvbQAAAAJ&hl=en, dblp: https://dblp.org/pid/254/2703",Postdoc; PhD student; Intern; Undergrad student,"CSAIL, Massachusetts Institute of Technology (mit.edu); Computer Science, University of Texas, Austin (utexas.edu); Google (google.com); National Technical University of Athens (ntua.gr)",2024 - Present; 2020 - 2024; 2020 - 2020; 2015 - 2020,Postdoc Advisor: Constantinos Costis Daskalakis (2024 - Present); PhD Advisor: Alex Dimakis (2020 - 2024),Machine Learning (Present); Natural Language Processing (Present)
~Chiung-Yi_Tseng1,Chiung-Yi Tseng,"Researcher, Sambanova Systems",,"google_scholar: https://scholar.google.com/citations?user=9R5wyNkAAAAJ, dblp: https://dblp.org/pid/405/7337.html, orcid: https://orcid.org/0009-0001-6153-2401, linkedin: https://www.linkedin.com/in/ctseng612/",Researcher; MS student; Undergrad student,"Sambanova Systems (sambanova.com); Computer Science, University of North Carolina at Chapel Hill (unc.edu); National Central University (ncu.edu.tw)",2024 - Present; 2009 - 2011; 2005 - 2009,,AI4Math (Present); Interpretability (Present)
~Heath_John_Cooper1,Heath John Cooper,"PhD student, Faculty of Engineering, University of Wollongong",,homepage: https://www.innomente.com,PhD student,"Faculty of Engineering, University of Wollongong (uow.edu.au)",2021 - 2030,,Large Language Module Security and Defence (2024 - Present); Digital Employment Medical Passports (2021 - Present); Digital Health (2021 - Present)
~Tianang_Xiao2,Tianang Xiao,"ML engineer, planplus tech company",,"homepage: https://github.com/BrianXiao1, linkedin: https://www.linkedin.com/in/%E5%A4%A9%E6%98%82-%E8%82%96-41850529b?trk=contact-info",ML engineer; MS student,"planplus tech company (trussan.com); Mathematic and Statistics, University of Glasgow (gla.ac.uk)",2021 - Present; 2019 - 2020,Coauthor: Ziliang Chen (2023 - 2023),Causal Learning and Reasoning (2021 - 2023)
~Xinzhe_Li2,Xinzhe Li,"Postdoc, School of Science, Royal Melbourne Institute of Technology",,"google_scholar: https://scholar.google.com.au/citations?user=GzoezEUAAAAJ, orcid: https://orcid.org/0000-0002-2574-7464, linkedin: https://www.linkedin.com/in/xinzhe-li-b04639166/, semantic_scholar: https://www.semanticscholar.org/author/Xinzhe-Li/2220683703, acl_anthology: https://aclanthology.org/people/x/xinzhe-li/",Postdoc; PhD student,"School of Science, Royal Melbourne Institute of Technology (rmit.edu.au); School of Information Technology, Deakin University (deakin.edu.au)",2025 - Present; 2020 - 2025,PhD Advisor: Shang Gao (2022 - 2025); PhD Advisor: Ming Liu (2020 - 2025); PhD Advisor: Xingjun Ma (2020 - 2022); PhD Advisor: Longxiang Gao (2020 - 2022),LLM Reasoning (2023 - Present); Language Agent (2023 - Present); LLM Planning (2023 - Present); NLP Model Evaluation (2020 - 2023)
~Xianzhen_Luo1,Xianzhen Luo,"PhD student, Faculty of Computing, Harbin Institute of Techology",,"homepage: https://luowaterbi.github.io/, google_scholar: https://scholar.google.com/citations?user=dK4r-QYAAAAJ, dblp: https://dblp.org/pid/317/7013, orcid: https://orcid.org/0009-0006-9151-6337, semantic_scholar: https://www.semanticscholar.org/author/Xianzhen-Luo/2284814458, acl_anthology: https://aclanthology.org/people/x/xianzhen-luo/",PhD student; Undergrad student,"Faculty of Computing, Harbin Institute of Techology  (ir.hit.edu.cn); Harbin Engineering University (heu.edu.cn)",2022 - Present; 2018 - 2022,,Natural Language Processing (2021 - Present)
~Nazanin_Rahnavard1,Nazanin Rahnavard,"Full Professor, Electrical and Computer Engineering, University of Central Florida",,"homepage: http://lcwnlab.eecs.ucf.edu/, google_scholar: https://scholar.google.com.tw/citations?user=PzgFISkAAAAJ",Full Professor; Associate Professor; Assistant Professor; PhD student,"Electrical and Computer Engineering, University of Central Florida (ucf.edu); Electrical and Computer Engineering, University of Central Florida (ucf.edu); Electrical and Computer Engineering, Oklahoma State University (okstate.edu); Electrical and Computer Engineering, Georgia Institute of Technology (gatech.edu)",2021 - Present; 2014 - 2021; 2007 - 2013; 2002 - 2007,PhD Advisor: Faramarz Fekri (2002 - 2007),"Wireless comm & sig processing, Deep learning (Present)"
~Yi-Kuan_Hsieh1,Yi-Kuan Hsieh,"PhD student, College of Artificial Intelligence, National Yang Ming Chiao Tung University",,"homepage: https://github.com/Naughty725, dblp: https://dblp.org/pid/333/1246",PhD student,"College of Artificial Intelligence, National Yang Ming Chiao Tung University (nycu.edu.tw)",2021 - Present,PhD Advisor: Hsieh Jun-Wei (2021 - Present); PhD Advisee: Tseng Yu-Chee (2021 - Present),Vision Transformer (2022 - Present); Crowd Counting (2021 - Present)
~Chara_Podimata1,Chara Podimata,"Assistant Professor, Sloan School of Management, Massachusetts Institute of Technology",,"homepage: https://www.charapodimata.com/, google_scholar: https://scholar.google.com/citations?user=XY9hKvIAAAAJ&hl=en, dblp: https://dblp.org/pid/209/9752",Assistant Professor; Postdoc; PhD student,"Sloan School of Management, Massachusetts Institute of Technology (mit.edu); EECS, University of California, Berkeley (berkeley.edu); SEAS, Harvard University, Harvard University (g.harvard.edu)",2023 - Present; 2022 - 2023; 2016 - 2021,Social: Lydia Zakynthinou (Present); Family: Bailey Flanigan (Present); PhD Advisee: Nicolas Emmenegger (2023 - Present); PhD Advisee: Valia Efthymiou (2023 - Present); PhD Advisee: Ekaterina Fedorova (2023 - Present); PhD Advisee: Zijie Zhou (2023 - 2025); Postdoc Advisor: Nika Haghtalab (2022 - 2023); PhD Advisor: Yiling Chen (2016 - 2022),"strategic learning, strategic classification, incentive-compatible machine learning, incentive-aware machine learning, mechanism design (Present); dynamic pricing, contextual search, contextual pricing (Present); multi-armed bandits, adaptive discretization (Present); human-computer interaction (Present); human-ai collaboration (Present)"
~Nikhil_Varma_Keetha1,Nikhil Varma Keetha,"Researcher, Facebook",,"homepage: https://nik-v9.github.io/, google_scholar: https://scholar.google.com/citations?user=ZTm5H50AAAAJ, dblp: https://dblp.org/pid/261/3637, orcid: https://orcid.org/0000-0003-2770-0835, linkedin: https://www.linkedin.com/in/nik-v9/, semantic_scholar: https://www.semanticscholar.org/author/Nikhil-Varma-Keetha/1585516855",Researcher; PhD student; Undergrad student; Summer Scholar; Intern; Intern,"Facebook (meta.com); Robotics Institute, Carnegie Mellon University (cmu.edu); Indian Institute of Technology (Indian School of Mines) Dhanbad (iitism.ac.in); CMU, Carnegie Mellon University (andrew.cmu.edu); Montreal Institute for Learning Algorithms, University of Montreal, University of Montreal (mila.umontreal.ca); Queensland University of Technology (qut.edu.au)",2024 - Present; 2022 - Present; 2018 - 2022; 2021 - 2021; 2021 - 2021; 2020 - 2021,PhD Advisor: Deva Ramanan (2023 - 2027); PhD Advisor: Sebastian Scherer (2022 - 2027),"generalizable 3D reconstruction, spatial perception, scene understanding, robotics (2022 - Present); self-supervised learning, 3D Gaussians (2022 - Present); localization, mapping, place recognition, Birds Eye View Mapping (2020 - Present); graph learning, continual learning, lifelong learning (2021 - 2022)"
~Shenglai_Zeng2,Shenglai Zeng,"PhD student, CSE, Michigan State University",,"homepage: https://slz-ai.github.io/, google_scholar: https://scholar.google.com.hk/citations?user=2EFS5WEAAAAJ&hl=zh-CN, dblp: https://dblp.org/pid/312/6540, orcid: https://orcid.org/0009-0001-9664-8017, semantic_scholar: https://www.semanticscholar.org/author/Shenglai-Zeng/2253682835, acl_anthology: https://aclanthology.org/people/s/shenglai-zeng/",PhD student; Undergrad student,"CSE, Michigan State University (msu.edu); CSE, University of Electronic Science and Technology of China (uestc.edu.cn)",2023 - Present; 2019 - 2023,PhD Advisor: Jiliang Tang (2023 - Present),Trustworthy AI (2022 - Present); Large language models (2022 - Present); Federated Learning (2020 - Present)
~Michele_Caprio1,Michele Caprio,"Assistant Professor, Department of Computer Science, University of Manchester",,"homepage: https://mc6034.wixsite.com/caprio, google_scholar: https://scholar.google.com/citations?user=6rngqVgAAAAJ&hl=it, dblp: https://dblp.org/pid/322/9067, orcid: https://orcid.org/0000-0002-7569-097X, linkedin: https://www.linkedin.com/in/michele-caprio-5866b162/",Assistant Professor; Postdoc; PhD student,"Department of Computer Science, University of Manchester (manchester.ac.uk); Department of Computer and Information Science, University of Pennsylvania, University of Pennsylvania (seas.upenn.edu); Department of Statistical Science, Duke University (duke.edu)",2024 - Present; 2022 - 2024; 2018 - 2022,Postdoc Advisor: Insup Lee (2022 - 2024); PhD Advisor: Sayan Mukherjee (2018 - 2022),Imprecise probabilities (2018 - Present); Mathematical statistics (2018 - Present)
~Changjun_Park2,,,,,,,,,
~Jeff_Z._Pan1,Jeff Z. Pan,"Full Professor, School of Informatics, University of Edinburgh, University of Edinburgh",,"homepage: https://knowledge-representation.org/j.z.pan/, google_scholar: https://scholar.google.co.uk/citations?hl=en&user=zLDAY8QAAAAJ&pagesize=100, dblp: https://dblp.org/pid/59/6490, orcid: https://orcid.org/0000-0002-9779-2088, semantic_scholar: https://www.semanticscholar.org/author/Jeff-Z.-Pan/9416872, acl_anthology: https://aclanthology.org/people/j/jeff-z-pan/",Full Professor; Associate Professor,"School of Informatics, University of Edinburgh, University of Edinburgh (ed.ac.uk); University of Aberdeen (abdn.ac.uk)",2020 - Present; 2005 - 2020,,Machine Learning (2013 - Present); NLP (2013 - Present); Knowledge Graph (2012 - Present); Ontology (2000 - Present)
~Yizhou_Yu1,Yizhou Yu,"Full Professor, The University of Hong Kong",,"google_scholar: https://scholar.google.com/citations?user=e38fTZQAAAAJ&hl=en, dblp: https://dblp.org/pid/90/6896.html",Full Professor; Associate Professor; PhD student,"The University of Hong Kong (hku.hk); University of Illinois, Urbana Champaign (illinois.edu); University of California Berkeley (berkeley.edu)",2012 - Present; 2006 - 2012; 1996 - 2000,Coauthor: Guanbin Li (2013 - 2025); Coauthor: Zicheng Liao (2010 - 2024); Coauthor: Xiaodan Liang (2016 - 2016); Coauthor: Zhicheng Yan (2011 - 2016); Coauthor: Sylvain Paris (2011 - 2016); Coauthor: Andras Ferencz (2011 - 2016); Coauthor: Yanwen Guo (2015 - 2015); Coauthor: Menglei Chai (2011 - 2015); Coauthor: Baoyuan Wang (2010 - 2015); Coauthor: Zhuowen Tu (2014 - 2014); Coauthor: David Forsyth (2011 - 2014); Coauthor: Ruobing Wu (2011 - 2014); Coauthor: Kwan-yee kenneth Wong (2011 - 2014); Coauthor: Jan Kautz (2011 - 2014); Coauthor: Zhuowen Tu (2011 - 2014); Coauthor: Qionghai Dai (2011 - 2014); Coauthor: Hao Zhang (2011 - 2014); Coauthor: Qionghai Dai (2011 - 2014); Coauthor: Xin Tong (2011 - 2014); Coauthor: Zhanghui Kuang (2011 - 2014); Coauthor: Leiting Chen (2011 - 2014); Coauthor: Yuwang Wang (2011 - 2014); Coauthor: Yuwang Wang (2011 - 2014); Coauthor: Dirk Schnieders (2011 - 2014); Coauthor: Jinxiang Chai (2011 - 2014); Coauthor: Jinxiang Chai (2011 - 2014); Coauthor: Hao Zhang (2011 - 2014); Coauthor: Zhuowen Tu (2011 - 2014); Coauthor: Kun Zhou (2004 - 2014); Coauthor: Baining Guo (2004 - 2012); Coauthor: Hongcheng Wang (2005 - 2005); PhD Advisor: Jitendra Malik (1997 - 2001),"deep neural architecture, Transformers, Mamba (2021 - Present); deep neural networks, CNNs, image understanding, recognition, image classification, object detection, semantic segmentation (2013 - Present); image processing, image enhancement, image segmentation, image smoothing, image super-resolution (2010 - 2018)"
~Tianyu_Liu4,Tianyu Liu,"PhD student, Yale University",,"homepage: https://helloworldlty.github.io/, google_scholar: https://scholar.google.com/citations?hl=en&user=GdkHHjkAAAAJ, dblp: https://dblp.org/pid/134/1099-5, orcid: https://orcid.org/0000-0002-9412-6573",PhD student; Intern; Intern; Intern; Undergrad student; Undergrad student; Intern,"Yale University (yale.edu); Broad Institute (broadinstitute.org); Genentech (gene.com); BioMap (biomap.com); Zhejiang University (zju.edu.cn); University of Illinois, Urbana Champaign (illinois.edu); Didi Research (didichuxing.com)",2022 - 2027; 2025 - 2025; 2024 - 2024; 2022 - 2022; 2018 - 2022; 2018 - 2022; 2021 - 2021,PhD Advisor: Hongyu Zhao (Present); Coauthor: Yuge Wang (Present); Coauthor: Rex Ying (Present); Coauthor: Faisal Mahmood (Present); Coauthor: Tong Ding (Present); Coauthor: James Zou (Present); Coauthor: Wengong Jin (Present); Coauthor: Tinglin Huang (Present); Coauthor: Heng Ji (Present); Coauthor: Aviv Regev (2024 - Present); Coauthor: Hua Xu (2024 - Present); Coauthor: Wenjin Zheng (2024 - Present); Coauthor: Xiao Luo (2023 - Present); Coauthor: Ilan Shomorony (2021 - 2022),Computational Biology (2021 - Present); Machine Learning (2020 - Present)
~Yizhou_Sun1,Yizhou Sun,"Full Professor, Computer Science, University of California, Los Angeles",,"homepage: http://web.cs.ucla.edu/~yzsun/, google_scholar: https://scholar.google.com.tw/citations?user=TQgOjK0AAAAJ, dblp: https://dblp.org/pid/37/3868, semantic_scholar: https://www.semanticscholar.org/author/Yizhou-Sun/2109461904",Full Professor; Associate Professor; Assistant Professor; Assistant Professor,"Computer Science, University of California, Los Angeles (ucla.edu); Computer Science, University of California, Los Angeles (ucla.edu); Computer Science, University of California, Los Angeles (ucla.edu); Computer Science, Northeastern University (northeastern.edu)",2024 - Present; 2018 - 2024; 2016 - 2018; 2013 - 2016,PhD Advisee: Maryam Haghifam (2025 - Present); PhD Advisee: Ruoyan Li (2025 - Present); PhD Advisee: Haoran Deng (2025 - Present); PhD Advisee: Kaiqiao Han (2024 - Present); PhD Advisee: Haixin Wang (2024 - Present); PhD Advisee: Jade Xu (2024 - Present); PhD Advisee: Fang Sun (2023 - Present); PhD Advisee: Weikai Li (2023 - Present); PhD Advisee: Fred Xu (2022 - Present); PhD Advisee: Yanqiao Zhu (2022 - Present); PhD Advisee: Arvind Murari Vepa (2022 - Present); PhD Advisee: Zongyue Qin (2020 - Present); PhD Advisee: Derek Qiang Xu (2019 - Present); PhD Advisee: Zongyu Lin (2023 - 2025); Postdoc Advisee: Xiao Luo (2022 - 2025); PhD Advisee: Arjun Subramonian (2021 - 2025); PhD Advisee: Zijie Huang (2019 - 2024); PhD Advisee: Shichang Zhang (2019 - 2024); PhD Advisee: Roshni Iyer (2019 - 2024); PhD Advisee: Kewei Cheng (2018 - 2024); PhD Advisee: YEWEN WANG (2018 - 2024); PhD Advisee: Zhiping Xiao (2018 - 2024); PhD Advisee: Song Jiang (2018 - 2024); PhD Advisee: Ziniu Hu (2018 - 2023); PhD Advisee: Yunsheng Bai (2017 - 2023); PhD Advisee: Junheng Hao (2017 - 2022); PhD Advisee: Xuelu Chen (2016 - 2021); PhD Advisee: Ting Chen (2013 - 2019); PhD Advisee: Yupeng Gu (2013 - 2018); PhD Advisor: Jiawei Han (2007 - 2012),LLM (2022 - Present); AI for science (2020 - Present); AI for Chip Design (2020 - Present); neural symbolic reasoning (2017 - Present); graph deep learning (2013 - Present); graph minining; network mining; computational social science (2007 - Present)
~Edward_Li4,Edward Li,"PhD student, Computer Science, University of California, Irvine",,"dblp: https://dblp.org/pid/51/3503, linkedin: https://www.linkedin.com/in/edward-w-li/",PhD student; Intern; Undergrad student,"Computer Science, University of California, Irvine (uci.edu); EECS, University of Michigan - Ann Arbor (umich.edu); Computer Science, University of Chicago (uchicago.edu)",2025 - Present; 2023 - Present; 2018 - 2022,Coauthor: Jeong Joon Park (2023 - Present),Generative modeling (2023 - Present); Computer vision (2023 - Present)
~Yidong_Luo1,Yidong Luo,"MS student, School of data science, The Chinese University of Hong Kong",,homepage: https://aux-724.github.io/,MS student,"School of data science, The Chinese University of Hong Kong (cuhk.edu.cn)",2024 - 2026,PhD Advisor: Tianshu Yu (2024 - 2026),GNN (Present)
~Jingkuan_Song3,Jingkuan Song,"Full Professor, Tongji University",,"homepage: https://cfm.uestc.edu.cn/~songjingkuan/, google_scholar: https://scholar.google.com/citations?user=F5Zy9V4AAAAJ&hl=en, dblp: https://dblp.org/pid/70/10575, orcid: https://orcid.org/0000-0002-2549-8322",Full Professor,Tongji University (tongji.edu.cn),2025 - Present,PhD Advisor: Heng Tao Shen (Present),retrieval (2010 - 2022)
~Apostu_Alexandru-Mihai1,Apostu Alexandru-Mihai,"PhD student, Artificial intelligence, University of Bucharest",,linkedin: https://www.linkedin.com/in/alexandru-m-apostu,PhD student; MS student; Undergrad student,"Artificial intelligence, University of Bucharest (unibuc.ro); Artificial Intelligence, University of Bucharest (unibuc.ro); Mathematics, University of Bucharest (unibuc.ro)",2024 - 2028; 2022 - 2024; 2019 - 2022,PhD Advisor: Radu Tudor Ionescu (2024 - 2028),Generative AI (2024 - Present); Synthetic Data (2024 - Present); LLMs (2024 - Present)
~Wei_Pan2,Wei Pan,"Associate Professor, University of Manchester",,"homepage: http://panweihit.github.io, google_scholar: https://scholar.google.com/citations?user=GqryWPsAAAAJ, orcid: https://orcid.org/0000-0003-1121-9879, linkedin: https://www.linkedin.com/in/wei-pan-6b558b17/",Associate Professor; Assistant Professor; PhD student,University of Manchester (manchester.ac.uk); Delft University of Technology (tudelft.nl); Imperial College London (imperial.ac.uk),2022 - Present; 2018 - 2022; 2011 - 2016,,Robotics (Present); Probabilistic Machine Learning (Present); Reinforcement Learning (Present); Control (Present)
~Shiang-Feng_Tsai1,Shiang-Feng Tsai,"Undergrad student, Electrical Engineering and Computer Science, National Tsinghua University",,homepage: https://github.com/k22708038,Undergrad student,"Electrical Engineering and Computer Science, National Tsinghua University (nthu.edu.tw)",2021 - 2025,Advisor: Min Sun (2023 - Present); Coworker: TZU-CHUN CHIEN (2023 - Present); Coworker: Chieh-Kai Lin (2023 - Present); Coworker: Ruei-Chi Lai (2023 - Present); Coworker: Hung-Jen Chen (2023 - Present),Multimodality Large Language Model (2023 - Present); Multimodality Models (2023 - Present)
~Jing_Liu8,,,,,,,,,
~Seung_Wook_Kim1,,,,,,,,,
~Fangsheng_Weng1,Fangsheng Weng,,,homepage: https://github.com/wfs2018,Researcher,https://xinchenai.com/ (xinchenai.com),2021 - 2023,Coworker: Lan Zhenzhong (2021 - Present),text-to-image generation (2022 - Present); multimodal named entity recognition (2019 - 2021)
~Nicole_Kan_Hui_Lin1,,,,,,,,,
~Jian_Tang5,Jian Tang,"Researcher, x-humanoid",,"homepage: https://ecs.syr.edu/faculty/tang, dblp: https://dblp.org/pid/181/2667-8",Researcher; Researcher; Researcher; Full Professor,x-humanoid (x-humanoid.com); Midea Group (midea.com); Didi Chuxing (didichuxing.com); Syracuse University (syr.edu),2023 - Present; 2021 - 2023; 2018 - 2021; 2010 - 2018,PhD Advisor: Guoliang Xue (2002 - 2006),Deep Learning (Present); Model Compression (Present); Transfer Learning (Present)
~Elias_Bareinboim2,,,,,,,,,
~Yilun_Wang4,,,,,,,,,
~Matthew_Young2,Matthew Young,"MS student, Computer Science, Dalhousie University",,linkedin: https://ca.linkedin.com/in/matthew-young-aa9675159,MS student,"Computer Science, Dalhousie University (dal.ca)",2025 - 2026,,
~Yijie_Peng1,Yijie Peng,,,homepage: https://www.gsm.pku.edu.cn/faculty/pengyijie/,Associate Professor; Assistant Professor; PhD student; Undergrad student,Peking University (pku.edu.cn); Peking University (pku.edu.cn); Fudan University (fudan.edu.cn); Wuhan University (whu.edu.cn),2021 - 2023; 2017 - 2021; 2008 - 2014; 2003 - 2007,PhD Advisor: Jianqian Hu (2010 - 2014),Simulation Optimization (2010 - 2023)
~Linghe_Kong1,,,,,,,,,
~Yulun_Zhang1,,,,,,,,,
~Sheng_Sun1,,,,,,,,,
~Crystal_Qian1,,,,,,,,,
~Tung-Lin_Wang1,,,,,,,,,
~Renze_Chen1,,,,,,,,,
~Mahyar_Alinejad1,,,,,,,,,
~Hassan_Baker1,,,,,,,,,
~Nanxi_Yu1,,,,,,,,,
~Abdullah_Al_Arafat1,,,,,,,,,
~Reza_Amini2,,,,,,,,,
~Chandrajit_L._Bajaj1,,,,,,,,,
~Jiaxin_Zhang2,,,,,,,,,
~Weihang_Kong1,,,,,,,,,
~Ang_Li6,,,,,,,,,
~Samuel_B._Hopkins1,,,,,,,,,
~Jente_Vandersanden1,,,,,,,,,
~Kang_Liu1,,,,,,,,,
~Demetri_Terzopoulos1,,,,,,,,,
~Tianming_Liu3,,,,,,,,,
~Yang_An1,,,,,,,,,
~Charlie_Griffin1,,,,,,,,,
~Alessandro_Abate1,,,,,,,,,
~Jingran_Zhang2,,,,,,,,,
~Jianbin_Lin1,,,,,,,,,
~Xingchen_Zhang1,,,,,,,,,
~Xiaoran_Yin1,,,,,,,,,
~Trisanth_Srinivasan1,,,,,,,,,
~Benjamin_S._Manning1,,,,,,,,,
~Jiaqi_Yu7,,,,,,,,,
~Dazhou_Liu1,,,,,,,,,
~Atousa_Assadihaghi1,,,,,,,,,
~Guanyao_Mao1,,,,,,,,,
~Momin_Abbas1,,,,,,,,,
~Zhiyuan_Song1,,,,,,,,,
~Weisheng_Dong1,,,,,,,,,
~Bohan_Jin2,,,,,,,,,
~Mariam_Marlen_Mirström1,,,,,,,,,
~Haoxuan_Li6,,,,,,,,,
~Mohaiminul_Al_Nahian1,,,,,,,,,
~Jianqiao_Luo1,,,,,,,,,
~Yifan_Lyu1,,,,,,,,,
~Mark_Bun1,,,,,,,,,
~Adriano_Hernandez1,,,,,,,,,
~Zhaoxiang_Zhang3,,,,,,,,,
~Erfan_Hajihashemi1,,,,,,,,,
~Xinya_Du1,,,,,,,,,
~Genwei_Zhang1,,,,,,,,,
~Huan_Cui1,,,,,,,,,
~Alireza_Hashemi2,,,,,,,,,
~Chaorui_Deng1,,,,,,,,,
~Philip_Torr1,,,,,,,,,
~Hamed_Mahdavi1,,,,,,,,,
~Yue_Yao1,,,,,,,,,
~Chaoming_Kang1,,,,,,,,,
~Chandan_K._Reddy1,,,,,,,,,
~Kaiyuan_Xu2,,,,,,,,,
~Manzil_Zaheer1,,,,,,,,,
~Xiaodong_Wang8,,,,,,,,,
~Samira_Malek1,,,,,,,,,
~Fahad_Shahbaz_Khan1,,,,,,,,,
~Gaole_Dai1,,,,,,,,,
~Chi_Han1,,,,,,,,,
~Drago_Plecko1,,,,,,,,,
~Zhihang_Yuan1,,,,,,,,,
~Lianli_Gao1,,,,,,,,,
~Linsey_Pang1,,,,,,,,,
~Kehang_Zhu1,,,,,,,,,
~Yajing_Xu3,,,,,,,,,
~Yifan_Wang23,,,,,,,,,
~Zhipeng_Wang1,,,,,,,,,
~Zhou_Ziheng1,,,,,,,,,
~Seungwoo_Lyu1,,,,,,,,,
~Hongchang_Gao3,,,,,,,,,
~Zhenhong_Zhou1,,,,,,,,,
~Heyan_Huang1,,,,,,,,,
~George_Deligiannidis2,,,,,,,,,
~Lei_Liang2,,,,,,,,,
~Edward_Chien1,,,,,,,,,
~Astitwa_Sarthak_Lathe1,,,,,,,,,
~Size_Zheng1,,,,,,,,,
~Junzi_Zhang2,,,,,,,,,
~Yunshui_Li1,,,,,,,,,
~Jiayuan_Ding1,,,,,,,,,
~Zihan_Zhang1,,,,,,,,,
~Fangzhou_Yan1,,,,,,,,,
~Chaoyi_Zhang2,,,,,,,,,
~H._Schwartz1,,,,,,,,,
~Yuyang_Wang3,,,,,,,,,
~Liqiang_Lu1,,,,,,,,,
~Hui_Xu12,,,,,,,,,
~Gao_Kejun1,,,,,,,,,
~Maksims_Volkovs3,,,,,,,,,
~Nan_Qiao2,,,,,,,,,
~Yizhe_Huang3,,,,,,,,,
~Yang_SUN5,,,,,,,,,
~Jaegul_Choo1,,,,,,,,,
~Jiahong_Wu2,,,,,,,,,
~Hans_Peter_Lyngsøe_Raaschou-jensen1,,,,,,,,,
~Liyuqiu_Huang1,,,,,,,,,
~Sabbir_Ahmed2,,,,,,,,,
~Grigoriy_M._Shutov1,,,,,,,,,
~Paul_Hongsuck_Seo1,,,,,,,,,
~Amirhossein_Safari1,,,,,,,,,
~Nidhi_Rastogi1,,,,,,,,,
~Meng_Wu8,,,,,,,,,
~Jiexin_Zheng1,,,,,,,,,
~Mingtao_Feng2,,,,,,,,,
~Yang_Gao2,,,,,,,,,
~François_Portet1,,,,,,,,,
~Dongyang_Wang1,,,,,,,,,
~Chenghan_Yang1,,,,,,,,,
~kanghe_sun1,,,,,,,,,
~Willy_Susilo1,,,,,,,,,
~Shubham_Tulsiani1,,,,,,,,,
~Yifan_Lin1,,,,,,,,,
~Amitis_Shidani1,,,,,,,,,
~Fuchun_Sun1,,,,,,,,,
~Sayan_Kumar_Chaki1,,,,,,,,,
~Chung-Hsiang_Lo1,,,,,,,,,
~Adnan_Siraj_Rakin2,,,,,,,,,
~Yefeng_Zheng3,,,,,,,,,
~Philipp_Christian_Petersen1,,,,,,,,,
~Bo_Li16,,,,,,,,,
~Dylan_Hadfield-Menell2,,,,,,,,,
~Ping_Luo2,,,,,,,,,
~Xudong_Jiang1,,,,,,,,,
~Zehua_Zang1,,,,,,,,,
~Valia_Efthymiou1,,,,,,,,,
~Deva_Ramanan1,,,,,,,,,
~Xinyan_Gao2,,,,,,,,,
~Anders_Søgaard1,,,,,,,,,
~Mansi_Maheshwari1,,,,,,,,,
~Sanchit_Kabra1,,,,,,,,,
~Jun_Liu8,,,,,,,,,
~Tuan_T._Nguyen2,,,,,,,,,
~Shizhu_He2,,,,,,,,,
~Shuyu_Yang2,,,,,,,,,
~Qiang_Zhang10,,,,,,,,,
~Xiu_Li1,,,,,,,,,
~Damien_Lopez1,,,,,,,,,
~Ashery_Mbilinyi1,,,,,,,,,
~Klim_Goldshtein1,,,,,,,,,
~Pranav_singh_chib1,,,,,,,,,
~Youliang_Zhang2,,,,,,,,,
~Diana_Bolocan1,,,,,,,,,
~YuanTao_Fan2,,,,,,,,,
~Chin-Lun_Fu1,,,,,,,,,
~Xu_Luo1,,,,,,,,,
~Idil_Esen_Zulfikar1,,,,,,,,,
~Kaize_Ding1,,,,,,,,,
~Haozhuo_Zhang1,,,,,,,,,
~Kyogu_Lee1,,,,,,,,,
~Ying_Cao2,,,,,,,,,
~Jiahe_Huang1,,,,,,,,,
~Min-Jung_Kim1,,,,,,,,,
~lingjie_Jiang2,,,,,,,,,
~Han_Yu1,,,,,,,,,
~Wenzhen_Zheng1,,,,,,,,,
~Wei_Wang68,,,,,,,,,
~Jiangmeng_Li1,,,,,,,,,
~Xinwen_Zhang3,,,,,,,,,
~Wei_Wang163,,,,,,,,,
~John_C._Raisbeck1,,,,,,,,,
~Xu_Hui1,,,,,,,,,
~Liwei_Hou1,,,,,,,,,
~Haotong_Qin1,,,,,,,,,
~Mengzhao_Chen1,,,,,,,,,
~He_Li17,,,,,,,,,
~Gurprit_Singh1,,,,,,,,,
~James_Wexler1,,,,,,,,,
~Can_Ye1,,,,,,,,,
~Wojciech_Matusik2,,,,,,,,,
~Jin-Cheng_Jhang1,,,,,,,,,
~Jing_Shao6,,,,,,,,,
~Long_Bao_Le1,,,,,,,,,
~Wendi_Deng1,,,,,,,,,
~Ioana_Croitoru1,,,,,,,,,
~Martin_Magnusson1,,,,,,,,,
~Ziluo_Ding1,,,,,,,,,
~Min_Jun_Choi1,,,,,,,,,
~Yun_Liang1,,,,,,,,,
~Zeyue_Xue1,,,,,,,,,
~Daniel_L._Pimentel-Alarcón1,,,,,,,,,
~Jinlong_Li3,,,,,,,,,
~Prakhar_Mehrotra1,,,,,,,,,
~Min_Sun1,,,,,,,,,
~Haiqian_Han1,,,,,,,,,
~Boris_Belozerov1,,,,,,,,,
~Aman_Gupta1,,,,,,,,,
~Xinlong_Yang2,,,,,,,,,
~Zhang_Changyuan1,,,,,,,,,
~Haojie_Duanmu1,,,,,,,,,
~Junhao_Chen2,,,,,,,,,
~Chenyu_You1,,,,,,,,,
~Vasant_G._Honavar2,,,,,,,,,
~Zhihong_Zhu1,,,,,,,,,
~Benfeng_Xu1,,,,,,,,,
~Maxime_Méloux1,,,,,,,,,
~Shenling_Wang1,,,,,,,,,
~Bastian_Leibe3,,,,,,,,,
~Mahtab_Sarvmaili1,,,,,,,,,
~Zhenxi_Lin1,,,,,,,,,
~Jin_Ma6,,,,,,,,,
~Yichi_Zhang13,,,,,,,,,
~Nathalie_Baracaldo1,,,,,,,,,
~LiangLin1,,,,,,,,,
~Xiaohui_Gao2,,,,,,,,,
~Dongliang_Peng2,,,,,,,,,
~Xin-Qiang_Cai1,,,,,,,,,
~Eungbeom_Kim1,,,,,,,,,
~Ruosong_Wang1,,,,,,,,,
~Hoiyeong_Jin1,,,,,,,,,
~Hanmeng_Zhong1,,,,,,,,,
~Huacong_Tang1,,,,,,,,,
~Ying_Nian_Wu1,,,,,,,,,
~Louis_Thomson1,,,,,,,,,
~Kunpeng_Xie2,,,,,,,,,
~Maxime_Peyrard2,,,,,,,,,
~Jidong_Zhai1,,,,,,,,,
~Collin_Stultz1,,,,,,,,,
~Anni_Huang1,,,,,,,,,
~Xin_Luo19,,,,,,,,,
~Qi_Tian3,,,,,,,,,
~Enlu_Zhou1,,,,,,,,,
~Fang_Sun3,,,,,,,,,
~Tyler_Farghly1,,,,,,,,,
~Anastasia_Sozykina1,,,,,,,,,
~Liqiang_Jing1,,,,,,,,,
~Weijie_Tu1,,,,,,,,,
~Xinlei_Cao4,,,,,,,,,
~Sasidhar_Kunapuli1,,,,,,,,,
~Bruno_Castro_da_Silva1,,,,,,,,,
~Abdelrahman_M_Shaker1,,,,,,,,,
~Jusheng_zhang6,,,,,,,,,
~Gregory_Kang_Ruey_Lau1,,,,,,,,,
~Jun-Wei_Hsieh2,,,,,,,,,
~Xian_Wu1,,,,,,,,,
~Justin_Cui1,,,,,,,,,
~Seaone_Ok1,,,,,,,,,
~Pravendra_Singh1,,,,,,,,,
~Jiayu_Zuo1,,,,,,,,,
~Zheming_Yang1,,,,,,,,,
~Karan_Vikyath_Veeranna_Rupashree1,,,,,,,,,
~Lingxiao_Li2,,,,,,,,,
~Giada_Dirupo1,,,,,,,,,
~Hong_Ni2,,,,,,,,,
~David_Berthelot1,,,,,,,,,
~Ruiyu_Zhao1,,,,,,,,,
~Jiashu_Zhu1,,,,,,,,,
~Austin_J._Brockmeier1,,,,,,,,,
~Shujun_Wang1,,,,,,,,,
~Zhiqiang_Liu7,,,,,,,,,
~Hyun-rae_Jo1,,,,,,,,,
~George_K._Atia1,,,,,,,,,
~Wenlei_Bao1,,,,,,,,,
~Shengju_Qian1,,,,,,,,,
~Sascha_Holl1,,,,,,,,,
~Sirui_Bi1,,,,,,,,,
~Mihaela_Gaman1,,,,,,,,,
~Chenyang_Zhu5,,,,,,,,,
~Mingze_Sun1,,,,,,,,,
~Vu_Truong1,,,,,,,,,
~Shirong_Yang1,,,,,,,,,
~Dohyun_Kim10,,,,,,,,,
~Gang_Niu1,,,,,,,,,
~Yuqiao_Tan2,,,,,,,,,
~Senbao_Zhang1,,,,,,,,,
~Shanghang_Zhang4,,,,,,,,,
~Majid_Daliri1,,,,,,,,,
~Xiaokang_Yang1,,,,,,,,,
~Jianing_Shen3,,,,,,,,,
~Sverker_Sikström1,,,,,,,,,
~Dongkun_Shin1,,,,,,,,,
~Lihua_Chen1,,,,,,,,,
~Amir_Khasahmadi1,,,,,,,,,
~Weichen_Sun1,,,,,,,,,
~Chiwei_Zhu1,,,,,,,,,
~GUO_XIAOYU1,,,,,,,,,
~Hesong_Wang1,,,,,,,,,
~Chuxiong_Sun2,,,,,,,,,
~Jiawei_Zhou1,,,,,,,,,
~Yutong_Lu1,,,,,,,,,
~Feng_Liu2,,,,,,,,,
~Evgeny_Burnaev1,,,,,,,,,
~Umair_Nawaz1,,,,,,,,,
~Shen_Yan2,,,,,,,,,
~Jiabao_Ji1,,,,,,,,,
~Guiling_Wang2,,,,,,,,,
~Yang_Liu193,,,,,,,,,
~Fengyang_Xu1,,,,,,,,,
~Jiwoo_Hong2,,,,,,,,,
~Aurko_Roy1,,,,,,,,,
~Yunxiang_Fu1,,,,,,,,,
~Wei_Ruan2,,,,,,,,,
~Eddie_Landesberg1,,,,,,,,,
~Xitong_Gao1,,,,,,,,,
~Weibin_Liu1,,,,,,,,,
~Dongsheng_Luo1,,,,,,,,,
~Li-Wen_Chang1,,,,,,,,,
~Amartya_Sanyal1,,,,,,,,,
~Mazlum_Ferhat_Arslan1,,,,,,,,,
~Changhao_He1,,,,,,,,,
~Jiatao_Gu1,,,,,,,,,
~Pratik_Jawanpuria1,,,,,,,,,
~Liang_Lin1,,,,,,,,,
~Yuanhao_Zeng1,,,,,,,,,
~Ewan_Mackie1,,,,,,,,,
~Minghao_Guo1,,,,,,,,,
~Cheng_Chang2,,,,,,,,,
~Wen_Zhang4,,,,,,,,,
~Rui_Wang8,,,,,,,,,
~Aditi_Singh6,,,,,,,,,
~Hannan_Lu1,,,,,,,,,
~Jin_Fang5,,,,,,,,,
~Yu_Yan2,,,,,,,,,
~Aaron_Childress1,,,,,,,,,
~Kang_LI11,,,,,,,,,
~Vivian_Tsai1,,,,,,,,,
~Daojun_Liang1,,,,,,,,,
~Ruqi_Huang1,,,,,,,,,
~Zhizhen_Pan2,,,,,,,,,
~Zhiwen_Xu2,,,,,,,,,
~Zheng_Ju1,,,,,,,,,
~Loukas_Sfountouris1,,,,,,,,,
~Sicong_Leng1,,,,,,,,,
~Nikolay_Kalmykov1,,,,,,,,,
~Zhen_Yang29,,,,,,,,,
~Jingxuan_Fan1,,,,,,,,,
~Zilong_Zheng1,,,,,,,,,
~Habib_Ganjgahi1,,,,,,,,,
~Xi_Chen64,,,,,,,,,
~Zhiyang_Dou1,,,,,,,,,
~Gijs_Dubbelman1,,,,,,,,,
~Yun_Juei_Yen1,,,,,,,,,
~Pheng-Ann_Heng1,,,,,,,,,
~Zichen_Wang10,,,,,,,,,
~Ali_Hussein2,,,,,,,,,
~Qi_Hou1,,,,,,,,,
~Subhabrata_Mukherjee2,,,,,,,,,
~Wendi_Cui1,,,,,,,,,
~Jin_Lu1,,,,,,,,,
~Chen_Wei7,,,,,,,,,
~Miguel_Ángel_Bautista1,,,,,,,,,
~Jason_Cong1,,,,,,,,,
~Ning_Li21,,,,,,,,,
~Kai-Zhan_Lee1,,,,,,,,,
~Zhedong_Zheng1,,,,,,,,,
~Yue_Cheng3,,,,,,,,,
~Rui_Gao3,,,,,,,,,
~Joshua_M._Susskind1,,,,,,,,,
~Dongyang_Li4,,,,,,,,,
~Alexandra_Daniela_Damir1,,,,,,,,,
~Oussama_Elachqar1,,,,,,,,,
~Xiangyu_Yue1,,,,,,,,,
~Shiyu_Li3,,,,,,,,,
~Ioannis_Konstas1,,,,,,,,,
~Bowen_Ren1,,,,,,,,,
~Renee_Ge1,,,,,,,,,
~Yue_Wang16,,,,,,,,,
~Siming_Huang3,,,,,,,,,
~Peng_Hu2,,,,,,,,,
~Vladimir_Vanovskiy1,,,,,,,,,
~HaoKun_Tian1,,,,,,,,,
~Nisha_Huang1,,,,,,,,,
~Shao_Tang1,,,,,,,,,
~Iuliia_Uzhegova1,,,,,,,,,
~Jie_Feng7,,,,,,,,,
~Sitong_Chen5,,,,,,,,,
~Jeongho_Kim3,,,,,,,,,
~Ashwin_Vinod1,,,,,,,,,
~Bernhard_Schölkopf1,,,,,,,,,
~Weiwei_Xing1,,,,,,,,,
~Dimitris_Dimakopoulos1,,,,,,,,,
~Wanxiang_Che1,,,,,,,,,
~Jiecao_Yu1,,,,,,,,,
~Binxu_Wang1,,,,,,,,,
~Min_Liu6,,,,,,,,,
~Daan_de_Geus2,,,,,,,,,
~Sen_Jia2,,,,,,,,,
~Zac_Yung-Chun_Liu1,,,,,,,,,
~Fangfang_Wu2,,,,,,,,,
~Jiayou_Liang1,,,,,,,,,
~Andrei_Preda1,,,,,,,,,
~Johannes_A._Stork1,,,,,,,,,
~Ziliang_Chen1,,,,,,,,,
~Zhao-Rong_Lai1,,,,,,,,,
~Zifan_He1,,,,,,,,,
~Cornelius_Maroa_Masese1,,,,,,,,,
~Jun_Zhao4,,,,,,,,,
~Jiangang_Luo1,,,,,,,,,
~Xinchen_Zhang1,,,,,,,,,
~Lei_Li29,,,,,,,,,
~Chen_Tang3,,,,,,,,,
~Chengyu_Fang3,,,,,,,,,
~Quan_Dao1,,,,,,,,,
~Pedram_Mohammadipour1,,,,,,,,,
~Wangchunshu_Zhou1,,,,,,,,,
~Razan_Dibo1,,,,,,,,,
~Bryan_Kian_Hsiang_Low1,,,,,,,,,
~Yu_Zhuang4,,,,,,,,,
~Ming-Ching_Chang1,,,,,,,,,
~Thai_T._VU1,,,,,,,,,
~Ga_Wu1,,,,,,,,,
~Cheng_Huang7,,,,,,,,,
~Jeong_Joon_Park2,,,,,,,,,
~Xu_Pan2,,,,,,,,,
~Xiao_Luo3,,,,,,,,,
~Xinnan_Dai1,,,,,,,,,
~Yue_Wang63,,,,,,,,,
~Niccolò_Cavagnero1,,,,,,,,,
~Raya_Horesh1,,,,,,,,,
~Tajamul_Ashraf2,,,,,,,,,
~Xiangyang_Ji1,,,,,,,,,
~Hang_Du4,,,,,,,,,
~Yassir_Laaouach1,,,,,,,,,
~Jiaoyan_Chen1,,,,,,,,,
~Shih-Min_Yang1,,,,,,,,,
~ANH-HUY_PHAN1,,,,,,,,,
~Linqing_Chen1,,,,,,,,,
~Benjamin_Feuer1,,,,,,,,,
~Yongsen_Zheng1,,,,,,,,,
~Kaiqi_Chen8,,,,,,,,,
~Parshin_Shojaee1,,,,,,,,,
~Xi_Peng3,,,,,,,,,
~Yaonan_Wang2,,,,,,,,,
~Xuegui_Zheng1,,,,,,,,,
~Zhiheng_Liu1,,,,,,,,,
~Roberto_Campbell1,,,,,,,,,
~Hieu_Dao1,,,,,,,,,
~Narges_Norouzi2,,,,,,,,,
~Xingyan_Bin1,,,,,,,,,
~Xiaolong_Zhong1,,,,,,,,,
~Shaohua_Wu1,,,,,,,,,
~Vasudha_Varadarajan1,,,,,,,,,
~Vitaly_Feldman1,,,,,,,,,
~Behrouz_Madahian1,,,,,,,,,
~Xiaoshuang_Wang1,,,,,,,,,
~Junyi_Wu4,,,,,,,,,
~Tomaso_Poggio1,,,,,,,,,
~Yaxiong_Wang1,,,,,,,,,
~Canran_Xiao1,,,,,,,,,
~Jiale_Li9,,,,,,,,,
~Paris_Giampouras1,,,,,,,,,
~Fei_Ma3,,,,,,,,,
~Xiangxiang_Chu1,,,,,,,,,
~Xingchang_Huang1,,,,,,,,,
~Jiateng_Wei1,,,,,,,,,
~Rao_Muhammad_Anwer2,,,,,,,,,
~Yiming_Liu30,,,,,,,,,
~Tianrui_Qin1,,,,,,,,,
~Yinghao_Li2,,,,,,,,,
~Timothy_Chou1,,,,,,,,,
~Moayad_Aloqaily1,,,,,,,,,
~Zhi_Wang12,,,,,,,,,
~Bamdev_Mishra1,,,,,,,,,
~Xudong_Zhao3,,,,,,,,,
~Lars_Doorenbos1,,,,,,,,,
~Houyi_Li1,,,,,,,,,
~Lixiang_Liu1,,,,,,,,,
~Qingsong_Wen2,,,,,,,,,
~Md_Tanvirul_Alam1,,,,,,,,,
~Shuang_Li3,,,,,,,,,
~Rajkumar1,,,,,,,,,
~Maryam_Haghifam1,,,,,,,,,
~Yongxin_Xiao1,,,,,,,,,
~Ruochen_Li3,,,,,,,,,
~Xin_Liu51,,,,,,,,,
~Ye_Du4,,,,,,,,,
~Johanna_Düngler1,,,,,,,,,
~Saba_M._Hosseini1,,,,,,,,,
~Hao_Wu37,,,,,,,,,
~Ningxin_Zheng1,,,,,,,,,
~Tianshu_Yu2,,,,,,,,,
~Hanshi_Sun1,,,,,,,,,
~Yarong_Lan1,,,,,,,,,
~Jaekwang_KIM1,,,,,,,,,
~weilei_wang1,,,,,,,,,
~Rongyi_Zhang1,,,,,,,,,
~Lingjun_Li2,,,,,,,,,
~Nithum_Thain1,,,,,,,,,
~Shobhnik_Kriplani1,,,,,,,,,
~Xiaoming_Zhao1,,,,,,,,,
~Jiliang_Tang1,,,,,,,,,
~Karthik_S._Gurumoorthy2,,,,,,,,,
~Tom_Gedeon1,,,,,,,,,
~Moshe_Shenfeld1,,,,,,,,,
~Hao_Zhao1,,,,,,,,,
~Michał_Ulewicz1,,,,,,,,,
~Bin._Jiang1,,,,,,,,,
~Fan_Zhang27,,,,,,,,,
~Yanning_Shen1,,,,,,,,,
~Quanying_Liu1,,,,,,,,,
~Kun_Wang15,,,,,,,,,
~Rebecca_Astrid_Böhme1,,,,,,,,,
~Yang_Qin3,,,,,,,,,
~Ying_Zhang34,,,,,,,,,
~Hongyu_Zhao1,,,,,,,,,
~Alireza_Farhadi2,,,,,,,,,
~Prayas_Agrawal1,,,,,,,,,
~Stanislav_Slivkin1,,,,,,,,,
~Abeer_Matar_Almalky1,,,,,,,,,
~Zhiteng_Li2,,,,,,,,,
~John_Le2,,,,,,,,,
~Miao_Yu8,,,,,,,,,
~houbo_he1,,,,,,,,,
~Prateek_Chanda2,,,,,,,,,
~Anming_Gu1,,,,,,,,,
~Hailin_Zhang3,,,,,,,,,
~Masashi_Sugiyama1,,,,,,,,,
~Guangqian_Yang2,,,,,,,,,
~Gleb_Shishaev1,,,,,,,,,
~Hao_Wu39,,,,,,,,,
~Yifei_Liu2,,,,,,,,,
~Ashish_Jha1,,,,,,,,,
~Jeff_Tan1,,,,,,,,,
~Xiang_Li68,,,,,,,,,
~Anqi_Zhao7,,,,,,,,,
~Buck_Shlegeris1,,,,,,,,,
~Ittai_Rubinstein1,,,,,,,,,
~Ziheng_Zhang2,,,,,,,,,
~Donghao_Zhou1,,,,,,,,,
~Hongxin_Li1,,,,,,,,,
~Salman_Khan4,,,,,,,,,
~Abi_Aryan1,,,,,,,,,
~Mamshad_Nayeem_Rizve1,,,,,,,,,
~Yi_Zhang135,,,,,,,,,
~weizhi_Tang2,,,,,,,,,
~Shwai_He1,,,,,,,,,
~Santosh_V._Patapati1,,,,,,,,,
~Jian_Song3,,,,,,,,,
~Tiffany_Yau1,,,,,,,,,
~Shiyi_Zhang3,,,,,,,,,
~Himanshu_Rai1,,,,,,,,,
~Daniel_Schiemert2,,,,,,,,,
~Huan_Wang3,,,,,,,,,
~Kristjan_Greenewald1,,,,,,,,,
~Dafeng_Zhang1,,,,,,,,,
~Muneeza_Azmat1,,,,,,,,,
~John_Joseph_Horton2,,,,,,,,,
~Constanza_Fierro1,,,,,,,,,
~Ganesh_Ramakrishnan1,,,,,,,,,
~Yuhao_Lin10,,,,,,,,,
~Konoshonkina_Natalia_Yuryevna1,,,,,,,,,
~Cho-Jui_Hsieh1,,,,,,,,,
~Wenyue_He1,,,,,,,,,
~Mingjin_Chen2,,,,,,,,,
~Yuntao_Chen1,,,,,,,,,
~Rohan_Anil1,,,,,,,,,
~Yaoyang_WU1,,,,,,,,,
~Li_Zhu3,,,,,,,,,
~Zhanxing_Zhu1,,,,,,,,,
~Huajun_Chen1,,,,,,,,,
~Shuchen_Lin1,,,,,,,,,
~Aditya_Sai_Ellendula2,,,,,,,,,
~YIBO_MENG1,,,,,,,,,
~Shay_B_Cohen1,,,,,,,,,
~Amine_Marzouki1,,,,,,,,,
~Yujiu_Yang2,,,,,,,,,
~Chenhui_Huang1,,,,,,,,,
~John_P_Dickerson1,,,,,,,,,
~Xiaohong_Liu2,,,,,,,,,
~Hamidreza_Hashempoor1,,,,,,,,,
~Lin_F._Yang1,,,,,,,,,
~Meng_Lou1,,,,,,,,,
~Marsel_Khayrullin1,,,,,,,,,
~Guoshun_Nan1,,,,,,,,,
~Qianyou_Sun1,,,,,,,,,
~Ekaterina_Fedorova1,,,,,,,,,
