author_id,name,affiliation,joined_date,personal_links,positions,institutions,timeframes,advisors,expertise
~Bernhard_Schölkopf1,,,,,,,,,
~Li-Wen_Chang1,Li-Wen Chang,"Researcher, ByteDance Inc.",,"homepage: https://lchang20.github.io/, google_scholar: https://scholar.google.com/citations?user=r6DasUkAAAAJ&hl=en, dblp: https://dblp.org/pid/02/4266.html",Researcher; PhD student,"ByteDance Inc. (bytedance.com); Electrical and Computer Engineering, University of Illinois at Urbana-Champaign (uiuc.edu)",2021 - Present; 2009 - 2017,Coworker: Youjie Li (2024 - Present); Coauthor: Yuejie Chi (2024 - Present); Coauthor: Cheng Wan (2024 - Present); Coworker: Zhiqi Lin (2024 - Present); Coworker: Ziang Song (2024 - Present); Coworker: Xinyi Di (2024 - Present); Coworker: Jiawei Wu (2024 - Present); Coworker: Huiyao Shu (2024 - Present); Coauthor: Yingyan Celine Lin (2024 - Present); Coworker: Size Zheng (2024 - Present); Coauthor: Jin Fang (2024 - Present); Coworker: Xuegui Zheng (2024 - Present); Coworker: Qi Hou (2024 - Present); Coauthor: Shulai Zhang (2024 - Present); Coauthor: Weihao Cui (2024 - Present); Coauthor: Quan Chen (2024 - Present); Coworker: Hongyu Zhu (2023 - Present); Coworker: Ningxin Zheng (2023 - Present); Coworker: Dongyang Wang (2023 - Present); Coworker: Jianxi Ye (2023 - Present); Coworker: Haibin Lin (2021 - Present); Coworker: Yanghua Peng (2021 - Present); Coworker: Cong Xie (2021 - Present); Coworker: Ziheng Jiang (2021 - Present); Coworker: Chengquan Jiang (2021 - Present); Coworker: Jiacheng Yang (2020 - Present); Coworker: Xin Liu (2020 - Present); Coauthor: Wenlei Bao (2018 - Present); Coworker: Chuanxiong Guo (2021 - 2022); PhD Advisor: Wen-mei Hwu (2009 - 2017),Generative AI (2023 - Present); Deep Learning (2017 - Present); Compiler (2012 - Present); Computer Architecture (2009 - Present); Heterogeneous computing (2008 - Present)
~Matthew_Young2,Matthew Young,"MS student, Computer Science, Dalhousie University",,linkedin: https://ca.linkedin.com/in/matthew-young-aa9675159,MS student,"Computer Science, Dalhousie University (dal.ca)",2025 - 2026,,
~Yue_Wang63,Yue Wang,"Researcher, IEIT SYSTEMS CO.,LTD",,homepage: https://wangyue12.ieisystem.com,Researcher; MS student,"IEIT SYSTEMS CO.,LTD (ieisystem.com); School of Mathematical Sciences, Dalian University of Technology (dlut.edu.cn)",2022 - Present; 2019 - 2022,,
~Muneeza_Azmat1,Muneeza Azmat,"Researcher, International Business Machines",,homepage: https://muneezaazmat.wordpress.com/,Researcher; PhD student; MS student,"International Business Machines (ibm.com); Department of Computational Mathematics Science and Engineering, Michigan State University (msu.edu); The Oden Institute, University of Texas at Austin (utexas.edu)",2023 - Present; 2019 - 2023; 2016 - 2018,Coauthor: Mikhail Yurochkin (2023 - Present); Coworker: Raya Horesh (2022 - Present); PhD Advisor: Adam Alessio (2019 - 2023),Retrieval augmented generation (2023 - Present); Domain specific LLMs (2023 - Present); Alignment of  LLMs (2023 - Present); Climate smart agriculture (2022 - 2023); Medical imaging (2019 - 2023); Multimodal deep neural networks (2019 - 2023); Explainable AI (2019 - 2023)
~Lixiang_Liu1,Lixiang Liu,"Full Professor, University of the Chinese Academy of Sciences",,homepage: https://people.ucas.ac.cn/~liulx,Full Professor,University of the Chinese Academy of Sciences (ucas.ac.cn),2015 - Present,Coauthor: Zhang Yanan (2022 - 2024),
~Hang_Du4,Hang Du,"PhD student, Beijing University of Posts and Telecommunications",,"google_scholar: https://scholar.google.com/citations?user=OMJYEZcAAAAJ&hl=zh-CN, orcid: https://orcid.org/0009-0001-3636-7985",PhD student; MS student,Beijing University of Posts and Telecommunications (bupt.edu.cn); Beijing University of Posts and Telecommunications (bupt.edu.cn),2022 - Present; 2019 - 2022,PhD Advisor: Guoshun Nan (2022 - 2026),Multimodal learning (2023 - 2023)
~Huan_Wang3,Huan Wang,"Assistant Professor, Westlake University",,"homepage: https://huanwang.tech/, google_scholar: https://scholar.google.com/citations?user=0-On0y4AAAAJ&hl=en, dblp: https://dblp.org/pid/70/6155-14, orcid: https://orcid.org/0000-0001-6951-901X, linkedin: https://www.linkedin.com/in/huanwang-zju/, semantic_scholar: https://www.semanticscholar.org/author/Huan-Wang/2113269100",Assistant Professor; PhD student; MS student; Undergrad student,Westlake University (westlake.edu.cn); Northeastern University (neu.edu); Zhejiang University (zju.edu.cn); Zhejiang University (zju.edu.cn),2024 - Present; 2019 - 2024; 2016 - 2019; 2012 - 2016,PhD Advisor: Yun Fu (2019 - 2024); Master Advisor: Roland Hu (2016 - 2019),"Efficient AI, Machine Learning, Computer Vision, MLSys (2012 - 2050)"
~Qingsong_Wen2,Qingsong Wen,"Principal Researcher, AI Research Institute, Squirrel Ai Learning",,"homepage: https://sites.google.com/site/qingsongwen8/, google_scholar: https://scholar.google.com/citations?user=vjPJvwYAAAAJ&hl=en, dblp: https://dblp.org/pid/27/561, orcid: https://orcid.org/0000-0003-4516-2524, linkedin: https://www.linkedin.com/in/qingsong-wen-22814156/, semantic_scholar: https://www.semanticscholar.org/author/Qingsong-Wen/3308963, acl_anthology: https://aclanthology.org/people/q/qingsong-wen/",Principal Researcher; Researcher; PhD student,"AI Research Institute, Squirrel Ai Learning (squirrelai.com); Alibaba Group (alibaba-inc.com); Georgia Institute of Technology (gatech.edu)",2023 - Present; 2017 - 2023; 2011 - 2017,Coauthor: Jiliang Tang (2024 - Present); Coauthor: Philip S. Yu (2024 - Present); Coauthor: Hui Xiong (2024 - Present); Coauthor: Xiaoli Li (2024 - Present); Coauthor: H. Vincent Poor (2024 - Present); Coauthor: Stefan Zohren (2024 - Present); Coauthor: Ming Jin (2022 - Present); Coauthor: Yuxuan Liang (2022 - Present); PhD Advisor: Xiaoli Ma (2011 - 2017),"time series, edtech, anomaly detection, AIOps, XAI, LLM, Agent (2017 - Present); graph algorithms, graph computing, graph mining (2016 - 2017); signal processing, wireless communications, FPGA (2011 - 2016)"
~Pedram_Mohammadipour1,,,,,,,,,
~Jiabao_Ji1,Jiabao Ji,"PhD student, Computer Science, University of California, Santa Barbara",,"homepage: https://question406.github.io, google_scholar: https://scholar.google.com/citations?user=gqI7uDMAAAAJ&hl=en, dblp: https://dblp.org/pid/284/0699, acl_anthology: https://aclanthology.org/people/j/jiabao-ji/",PhD student; Undergrad student,"Computer Science, University of California, Santa Barbara (ucsb.edu); ACM Class, Zhiyuan College, Shanghai Jiaotong University (sjtu.edu.cn)",2022 - Present; 2018 - 2022,PhD Advisor: Shiyu Chang (2022 - Present),LLM Reasoning (2024 - Present); LLM Decoding (2023 - Present); Diffusion model (2022 - Present); Large Language model (2021 - Present)
~Nithum_Thain1,Nithum Thain,"Researcher, Google",,"google_scholar: https://scholar.google.ca/citations?user=4nIL4EIAAAAJ&hl=en&oi=ao, dblp: https://dblp.org/pid/99/7611, orcid: https://orcid.org/0000-0002-7367-0916, semantic_scholar: https://www.semanticscholar.org/author/Nithum-Thain/2665391, acl_anthology: https://aclanthology.org/people/n/nithum-thain/",Researcher; Postdoc; PhD student; MS student; Undergrad student,Google (google.com); Simon Fraser University (sfu.ca); McGill University (mcgill.ca); McGill University (mcgill.ca); Queen's University (queensu.ca),2017 - Present; 2015 - 2017; 2008 - 2015; 2006 - 2008; 2002 - 2006,,Interpretability (2022 - Present); Large Language Models (2020 - Present); Recommender Systems (2019 - Present); Fairness & Responsible ML (2016 - Present); NLP (2016 - Present); Algorithmic Game Theory (2015 - Present)
~Dylan_Hadfield-Menell2,Dylan Hadfield-Menell,"Associate Professor, Massachusetts Institute of Technology",,"homepage: http://people.csail.mit.edu/dhm/, google_scholar: https://scholar.google.com/citations?user=4mVPFQ8AAAAJ&hl=en, dblp: https://dblp.org/pid/135/8332, orcid: https://orcid.org/0000-0002-6168-4763, semantic_scholar: https://www.semanticscholar.org/author/Dylan-Hadfield-Menell/2030995",Associate Professor; Assistant Professor; PhD student; Undergrad student,Massachusetts Institute of Technology (mit.edu); Massachusetts Institute of Technology (mit.edu); University of California Berkeley (berkeley.edu); Massachusetts Institute of Technology (mit.edu),2024 - Present; 2021 - 2024; 2013 - 2021; 2008 - 2013,PhD Advisor: Anca Dragan (2013 - 2021); PhD Advisor: Pieter Abbeel (2013 - 2021); PhD Advisor: Stuart Russell (2013 - 2021),"Value Alignment, Inverse Reinforcement Learning, Preference Elicitation, Human-Robot Interaction (Present); Sequential Decision Making, Planning, Motion Planning, Markov decision processes, Reinforcement Learning (Present)"
~Lars_Doorenbos1,Lars Doorenbos,"Postdoc, Computer Science, Rheinische Friedrich-Wilhelms Universität Bonn",,"google_scholar: https://scholar.google.com/citations?user=i2LqZCwAAAAJ&hl=en, dblp: https://dblp.org/pid/307/5401",Postdoc; PhD student; MS student; Undergrad student,"Computer Science, Rheinische Friedrich-Wilhelms Universität Bonn (uni-bonn.de); Biomedical Engineering, Universität Bern (unibe.ch); Computer Science, University of Groningen (rug.nl); Computer Science, University of Groningen (rug.nl)",2025 - Present; 2020 - 2024; 2018 - 2020; 2014 - 2018,Postdoc Advisor: Juergen Gall (2025 - Present); PhD Advisor: Raphael Sznitman (2020 - 2024); PhD Advisor: Pablo Marquez-Neila (2020 - 2024),Unsupervised out-of-distribution detection (2020 - Present); Multimodal learning (2020 - Present); Astroinformatics (2017 - Present)
~Meng_Wu8,Meng Wu,"Researcher, PH, ByteDance Inc.",,"google_scholar: https://scholar.google.com/citations?hl=en&tzom=-480&user=lTEMtyoAAAAJ, orcid: https://orcid.org/0000-0002-7676-343X",Researcher; PhD student; Undergrad student,"PH, ByteDance Inc. (bytedance.com); School of Integrated Circuits, Peking University (pku.edu.cn); EECS, Peking University (pku.edu.cn)",2025 - Present; 2020 - 2025; 2016 - 2020,,
~Justin_Cui1,Justin Cui,"PhD student, , University of California, Los Angeles",,"google_scholar: https://scholar.google.com/citations?user=zel3jUcAAAAJ&hl=en, dblp: https://dblp.org/pid/324/7960",PhD student,", University of California, Los Angeles (cs.ucla.edu)",2021 - Present,PhD Advisor: Cho-Jui Hsieh (2021 - Present),deep learning (2021 - Present)
~Bin._Jiang1,Bin. Jiang,"Associate Professor, School of Mechanical, Electrical & Information Engineering, Shandong University",,"homepage: https://faculty.sdu.edu.cn/jiangbin/en/index.htm, dblp: https://dblp.org/pid/18/4625-11, orcid: https://orcid.org/0000-0002-2897-5745",Associate Professor; PhD student,"School of Mechanical, Electrical & Information Engineering, Shandong University (sdu.edu.cn); NAOC, NAOC (bao.ac.cn)",2005 - 2025; 2009 - 2013,PhD Advisor: Ali Luo (2009 - 2013),deep learning (2017 - 2024); machine learning (2005 - 2023)
~Feng_Liu2,Feng Liu,"Assistant Professor, Computing and Information Systems, University of Melbourne",,"homepage: https://fengliu90.github.io/index.html, google_scholar: https://scholar.google.com/citations?hl=en&user=eqe3JS8AAAAJ&view_op=list_works&sortby=pubdate, dblp: https://dblp.org/pid/77/1318-3, orcid: https://orcid.org/0000-0002-5005-9129, linkedin: https://www.linkedin.com/in/alexfengliu",Assistant Professor; Assistant Professor,"Computing and Information Systems, University of Melbourne (unimelb.edu.au); Australian AI Institute, University of Technology Sydney (uts.edu.au)",2022 - Present; 2021 - 2022,Coauthor: Masashi Sugiyama (2019 - Present); Coauthor: Wenkai Xu (2019 - Present); Coauthor: Danica J. Sutherland (2019 - Present); Coauthor: Arthur Gretton (2019 - Present); PhD Advisor: Jie Lu (2016 - Present); PhD Advisor: Guangquan Zhang (2016 - Present),Out-of-Distribution Detection (2021 - Present); Out-of-Distribution Generalization (2021 - Present); Adversatial Machine Learning (2020 - Present); Hypothesis testing (2019 - Present); Weakly supervised learning (2016 - Present); Transfer Learning (2016 - Present)
~Chara_Podimata1,Chara Podimata,"Assistant Professor, Sloan School of Management, Massachusetts Institute of Technology",,"homepage: https://www.charapodimata.com/, google_scholar: https://scholar.google.com/citations?user=XY9hKvIAAAAJ&hl=en, dblp: https://dblp.org/pid/209/9752",Assistant Professor; Postdoc; PhD student,"Sloan School of Management, Massachusetts Institute of Technology (mit.edu); EECS, University of California, Berkeley (berkeley.edu); SEAS, Harvard University, Harvard University (g.harvard.edu)",2023 - Present; 2022 - 2023; 2016 - 2021,Social: Lydia Zakynthinou (Present); Family: Bailey Flanigan (Present); PhD Advisee: Nicolas Emmenegger (2023 - Present); PhD Advisee: Valia Efthymiou (2023 - Present); PhD Advisee: Ekaterina Fedorova (2023 - Present); PhD Advisee: Zijie Zhou (2023 - 2025); Postdoc Advisor: Nika Haghtalab (2022 - 2023); PhD Advisor: Yiling Chen (2016 - 2022),"strategic learning, strategic classification, incentive-compatible machine learning, incentive-aware machine learning, mechanism design (Present); dynamic pricing, contextual search, contextual pricing (Present); multi-armed bandits, adaptive discretization (Present); human-computer interaction (Present); human-ai collaboration (Present)"
~Chengyu_Fang3,Chengyu Fang,"MS student, SIGS, Tsinghua University, Tsinghua University",,"homepage: https://chengyufang.tech, google_scholar: https://scholar.google.com/citations?hl=en&user=EUT9kn8AAAAJ, dblp: https://dblp.org/pid/361/2438, orcid: https://orcid.org/0000-0002-6522-3710, semantic_scholar: https://www.semanticscholar.org/author/Chengyu-Fang/2290237005",MS student; Research Assistant; Undergrad student,"SIGS, Tsinghua University, Tsinghua University (tsinghua.edu.cn); SIGS, Tsinghua University, Tsinghua University (tsinghua.edu.cn); CIS, Southwest University (swu.edu.cn)",2024 - Present; 2023 - 2024; 2020 - 2024,Advisor: Xiu Li (2024 - Present),Multimodal Large Language Model (2024 - Present); Camouflaged Object Segmentation (2023 - Present); Low-Level Vision (2021 - Present); Medical Image Analysis (2021 - Present); Deep Learning (2020 - Present)
~Narges_Norouzi2,Narges Norouzi,"PhD student, Electrical Engineering, Eindhoven University of Technology",,"homepage: https://narsisn.github.io/Narges_Norouzi/#about, google_scholar: https://scholar.google.com/citations?user=q7sm490AAAAJ&hl=en, linkedin: https://www.linkedin.com/in/narges-norouzi-44a88a4b/",PhD student; Researcher,"Electrical Engineering, Eindhoven University of Technology (tue.nl); Electrical Engineering, Alzahra University (alzahra.ac.ir)",2023 - Present; 2013 - 2022,PhD Advisor: Gijs Dubbelman (2023 - Present); Coworker: Daan de Geus (2023 - Present); Coworker: Svetlana Orlova (2023 - Present); Coworker: Maral Zarvani (2016 - 2020); Coworker: Reza Azmi (2010 - 2020),Efficient Vision Trnasformers for semantic segmentation (2023 - 2027)
~Ruiyu_Zhao1,,,,,,,,,
~Habib_Ganjgahi1,Habib Ganjgahi,"Principal Researcher, University of Oxford",,"google_scholar: https://scholar.google.co.uk/citations?user=kBxjaFIAAAAJ&hl=en, dblp: https://dblp.org/pid/165/4569, orcid: https://orcid.org/0000-0002-7332-9478",Principal Researcher; Postdoc,University of Oxford (oxford.ac.uk); University of Oxford (oxford.ac.uk),2022 - 2025; 2016 - 2022,,
~Xinlong_Yang2,Xinlong Yang,"MS student, College of Mathematics and Informatics, South China Agricultural University",,homepage: https://github.com/crazy0071,MS student; Undergrad student,"College of Mathematics and Informatics, South China Agricultural University (scau.edu.cn); College of Informatics, Guangdong University of Finance & Economics (gdufe.edu.cn)",2024 - Present; 2020 - 2024,,
~Cho-Jui_Hsieh1,Cho-Jui Hsieh,"Researcher, Google",,"homepage: http://web.cs.ucla.edu/~chohsieh/index.html, google_scholar: https://scholar.google.com/citations?user=Wy89g4IAAAAJ&hl=en&oi=ao, dblp: https://dblp.org/pid/14/2770, acl_anthology: https://aclanthology.org/people/c/cho-jui-hsieh/",Researcher; Associate Professor; visiting scholar; Assistant Professor; Research advisor; Assistant Professor; PhD student,"Google (google.com); University of California, Los Angeles (ucla.edu); Amazon (amazon.com); University of California, Los Angeles (ucla.edu); Google (google.com); University of California, Davis (ucdavis.edu); University of Texas, Austin (utexas.edu)",2023 - Present; 2022 - Present; 2021 - 2023; 2018 - 2022; 2018 - 2020; 2015 - 2018; 2010 - 2015,PhD Advisor: Inderjit Dhillon (2010 - 2015); PhD Advisor: Chih-Jen Lin (2007 - 2009),deep learning (2016 - Present); Optimization (2008 - Present)
~Shao_Tang1,Shao Tang,"Researcher, NA, Linkedin",,linkedin: https://www.linkedin.com/in/tshao/,Researcher,"NA, Linkedin (linkedin.com)",2022 - Present,Coauthor: Aman Gupta (Present),llm (Present)
~Xiaohong_Liu2,Xiaohong Liu,"Associate Professor, Shanghai Jiaotong University",,"homepage: https://jhc.sjtu.edu.cn/~xiaohongliu/, google_scholar: https://scholar.google.ca/citations?hl=en&user=Tq2hoMQAAAAJ, dblp: https://dblp.org/pid/95/2454-1, linkedin: https://www.linkedin.com/in/xiaohong-liu/",Associate Professor; Assistant Professor; PhD student; MS student; Undergrad student,Shanghai Jiaotong University (sjtu.edu.cn); Shanghai Jiao Tong University (sjtu.edu.cn); McMaster University (mcmaster.ca); University of Ottawa (uottawa.ca); Southwest Jiaotong University (swjtu.edu.cn),2025 - Present; 2022 - 2024; 2018 - 2021; 2014 - 2016; 2010 - 2014,Coauthor: Guangtao Zhai (2022 - Present); Coauthor: Xiaoming Liu (2020 - Present); Coauthor: Zhihao Shi (2019 - Present); Coauthor: Kangdi Shi (2019 - Present); Coauthor: Linhui Dai (2019 - Present); PhD Advisor: Jun Chen (2018 - Present); Coauthor: Yongrui Ma (2018 - Present); Coauthor: Wenyi Wang (2014 - Present); Coauthor: Zhe Wang (2019 - 2021),Quality Assessment (2022 - Present); Image and Video Generation and Control (2022 - Present); Image and Video Enhancement (2018 - Present)
~Aditya_Sai_Ellendula2,Aditya Sai Ellendula,"MS student, Computer Science, University of Texas at Austin",,linkedin: https://www.linkedin.com/in/aditya-sai-ellendula/,MS student,"Computer Science, University of Texas at Austin (utexas.edu)",2024 - 2026,Coauthor: Shubham Bhardwaj (2024 - 2026); Coauthor: Ashwin Vinod (2024 - 2025),"Deep Learning, Reinforcement Learning, Diffusion Models, Generative AI (2022 - 2028)"
~Han_Yu1,Han Yu,"Associate Professor, CCDS, Nanyang Technological University",,"homepage: https://sites.google.com/site/hanyushomepage/home, google_scholar: https://scholar.google.com.sg/citations?hl=en&user=eXgoTXMAAAAJ, dblp: https://dblp.org/pid/35/1096-1, orcid: https://orcid.org/0000-0001-6893-8650",Associate Professor; Assistant Professor; Postdoc; PhD student,"CCDS, Nanyang Technological University (ntu.edu.sg); CCDS, Nanyang Technological University (ntu.edu.sg); SCSE, Nanyang Technological University (ntu.edu.sg); SCSE, Nanyang Technological University (ntu.edu.sg)",2024 - Present; 2018 - 2023; 2015 - 2017; 2008 - 2014,PhD Advisor: Chunyan Miao (2008 - 2014),Federated Learning (2019 - Present)
~Qi_Tian3,Qi Tian,"Principal Researcher, Huawei Technologies Ltd.",,"homepage: https://www.qitian1987.com/index.html, google_scholar: https://scholar.google.com/citations?hl=en&user=61b6eYkAAAAJ, dblp: https://dblp.org/pid/78/1467-1.html, orcid: https://orcid.org/0000-0002-7252-5047",Principal Researcher; Full Professor; Associate Professor; Assistant Professor; PhD student; MS student; Undergrad student,"Huawei Technologies Ltd. (huawei.com); University of Texas, San Antonio (utsa.edu); University of Texas, San Antonio (utsa.edu); University of Texas, San Antonio (utsa.edu); University of Illinois, Urbana-Champaign (uiuc.edu); Drexel University (drexel.edu); Tsinghua University, Tsinghua University (tsinghua.edu.cn)",2018 - Present; 2012 - 2019; 2008 - 2012; 2002 - 2008; 1997 - 2002; 1994 - 1996; 1987 - 1992,PhD Advisee: Longhui Wei (2017 - 2025); PhD Advisee: Hengheng Zhang (2015 - 2025); Coauthor: XIAOPENG ZHANG (2013 - 2025); PhD Advisee: Lingxi Xie (2010 - 2025); PhD Advisor: Thomas S. Huang (1997 - 2002),AI for Scientific Computing (2020 - 2025); deep learning (2012 - 2025); computer vision (1997 - 2025); multimedia information retrieval (1997 - 2025); image processing (1992 - 2025)
~Johanna_Düngler1,Johanna Düngler,"PhD student, Computer Science, University of Copenhagen",,"dblp: https://dblp.org/pid/415/7239, orcid: https://orcid.org/0009-0003-0386-2116, linkedin: https://linkedin.com/in/johanna-duengler",PhD student,"Computer Science, University of Copenhagen (diku.dk)",2024 - Present,PhD Advisor: Amartya Sanyal (2024 - 2027); PhD Advisor: Rasmus Pagh (2024 - 2027),Differential Privacy (Present); Robustness in ML (Present); Fairness in ML (Present)
~Prakhar_Mehrotra1,Prakhar Mehrotra,"Senior Director Machine Learning, Walmart Labs",,"google_scholar: https://scholar.google.com/citations?user=cBH-q7gAAAAJ&hl=en, linkedin: https://www.linkedin.com/in/prakharmehrotra/",Senior Director Machine Learning; Senior Manager Machine Learning; Senior Data Scientist; PhD student,Walmart Labs (walmartlabs.com); Uber (uber.com); Twitter (twitter.com); California Institute of Technology (caltech.edu),2018 - Present; 2015 - 2018; 2013 - 2015; 2010 - 2013,,"Deep Learning, Bayesian Optimization, Recursive Neural Nets (Present)"
~Dongyang_Wang1,Dongyang Wang,"Researcher, ByteDance Inc.",,linkedin: https://www.linkedin.com/in/%E5%86%AC%E6%B4%8B-%E7%8E%8B-6a11a432b/,Researcher; PhD student,"ByteDance Inc. (bytedance.com); Computer Science, University of Science and Technology of China (ustc.edu.cn)",2019 - Present; 2013 - 2019,PhD Advisor: Bei Hua (2013 - 2019),Computer Network (Present)
~Amartya_Sanyal1,Amartya Sanyal,"Assistant Professor, Computer Science, Copenhagen University",,"homepage: https://amartya18x.github.io, dblp: https://dblp.org/pid/203/8807, orcid: https://orcid.org/0000-0002-4190-0449",Assistant Professor; Postdoc; Postdoc; Research Intern; PhD student; Undergrad student,"Computer Science, Copenhagen University (ku.dk); Max-Planck Institute (mpg.de); Swiss Federal Institute of Technology (ethz.ch); Facebook (fb.com); University of Oxford (ox.ac.uk); IIT Kanpur (iitk.ac.in)",2023 - Present; 2023 - 2024; 2021 - 2023; 2020 - 2021; 2017 - 2021; 2013 - 2017,Postdoc Advisor: Bernhard Scholkopf (2023 - 2024); Postdoc Advisor: Fanny Yang (2021 - 2023); PhD Advisor: Varun Kanade (2013 - 2021); PhD Advisor: Philip Torr (2013 - 2021),"Deep Learning, Theory of Deep Learning (Present); Machine Learning, optimization, learning theory (Present); Differential Privacy (2021 - Present); Non-Convex Optimization (2015 - Present); Deep Learning (2015 - Present)"
~Fahad_Shahbaz_Khan1,Fahad Shahbaz Khan,"Full Professor, Mohamed bin Zayed University of Artificial Intelligence",,"homepage: https://sites.google.com/view/fahadkhans/home, google_scholar: https://scholar.google.com/citations?user=zvaeYnUAAAAJ&hl=en, dblp: https://dblp.org/pid/05/8618",Full Professor; Associate Professor; Lead Scientist; Research Fellow,Mohamed bin Zayed University of Artificial Intelligence (mbzuai.ac.ae); Linköping University (liu.se); Inception Institute of Artificial Intelligence (inceptioniai.org); Linköping University (liu.se),2020 - Present; 2018 - Present; 2018 - 2020; 2014 - 2018,Postdoc Advisor: Michael Felsberg (2012 - 2014); PhD Advisor: Joost van de Weijer (2009 - 2011),"Multimodal learning (2020 - Present); Object tracking (2014 - Present); Action Recognition (2013 - Present); Object detection (2012 - Present); object recognition, scene understanding, image analysis (2009 - Present)"
~Kaiyuan_Xu2,Kaiyuan Xu,"PhD student, School of Engineering and Informatics, University of Sussex",,"homepage: https://www.linkedin.com/in/kaiyuan-xu-66b017275, orcid: https://orcid.org/0009-0005-9218-711X, linkedin: https://www.linkedin.com/in/kaiyuan-xu-66b017275",PhD student; MS student,"School of Engineering and Informatics, University of Sussex (sussex.ac.uk); School of Engineering and Informatics, University of Sussex (sussex.ac.uk)",2025 - 2029; 2022 - 2024,PhD Advisor: Bao Kha Nguyen (2025 - 2029),"Smart Farm, Computer Vision, Semi-supervised, Detection (2025 - 2029); Deep Learning, Computer Vision, Cognitive Science (2022 - 2024)"
~Yizhou_Sun1,Yizhou Sun,"Full Professor, Computer Science, University of California, Los Angeles",,"homepage: http://web.cs.ucla.edu/~yzsun/, google_scholar: https://scholar.google.com.tw/citations?user=TQgOjK0AAAAJ, dblp: https://dblp.org/pid/37/3868, semantic_scholar: https://www.semanticscholar.org/author/Yizhou-Sun/2109461904",Full Professor; Associate Professor; Assistant Professor; Assistant Professor,"Computer Science, University of California, Los Angeles (ucla.edu); Computer Science, University of California, Los Angeles (ucla.edu); Computer Science, University of California, Los Angeles (ucla.edu); Computer Science, Northeastern University (northeastern.edu)",2024 - Present; 2018 - 2024; 2016 - 2018; 2013 - 2016,PhD Advisee: Maryam Haghifam (2025 - Present); PhD Advisee: Ruoyan Li (2025 - Present); PhD Advisee: Haoran Deng (2025 - Present); PhD Advisee: Kaiqiao Han (2024 - Present); PhD Advisee: Haixin Wang (2024 - Present); PhD Advisee: Jade Xu (2024 - Present); PhD Advisee: Fang Sun (2023 - Present); PhD Advisee: Weikai Li (2023 - Present); PhD Advisee: Fred Xu (2022 - Present); PhD Advisee: Yanqiao Zhu (2022 - Present); PhD Advisee: Arvind Murari Vepa (2022 - Present); PhD Advisee: Zongyue Qin (2020 - Present); PhD Advisee: Derek Qiang Xu (2019 - Present); PhD Advisee: Zongyu Lin (2023 - 2025); Postdoc Advisee: Xiao Luo (2022 - 2025); PhD Advisee: Arjun Subramonian (2021 - 2025); PhD Advisee: Zijie Huang (2019 - 2024); PhD Advisee: Shichang Zhang (2019 - 2024); PhD Advisee: Roshni Iyer (2019 - 2024); PhD Advisee: Kewei Cheng (2018 - 2024); PhD Advisee: YEWEN WANG (2018 - 2024); PhD Advisee: Zhiping Xiao (2018 - 2024); PhD Advisee: Song Jiang (2018 - 2024); PhD Advisee: Ziniu Hu (2018 - 2023); PhD Advisee: Yunsheng Bai (2017 - 2023); PhD Advisee: Junheng Hao (2017 - 2022); PhD Advisee: Xuelu Chen (2016 - 2021); PhD Advisee: Ting Chen (2013 - 2019); PhD Advisee: Yupeng Gu (2013 - 2018); PhD Advisor: Jiawei Han (2007 - 2012),LLM (2022 - Present); AI for science (2020 - Present); AI for Chip Design (2020 - Present); neural symbolic reasoning (2017 - Present); graph deep learning (2013 - Present); graph minining; network mining; computational social science (2007 - Present)
~Wojciech_Matusik2,Wojciech Matusik,"Full Professor, Massachusetts Institute of Technology",,"homepage: https://cdfg.mit.edu/wojciech, google_scholar: https://scholar.google.com/citations?hl=en&user=wbIMbL8AAAAJ, orcid: https://orcid.org/0000-0003-0212-5643, linkedin: https://www.linkedin.com/in/wojciech-matusik-67238126/",Full Professor,Massachusetts Institute of Technology (mit.edu),Present,PhD Advisor: Leonard McMillan (1998 - 2003),computer graphics (Present); simulation (Present); computational design (Present)
~Min-Jung_Kim1,Min-Jung Kim,"PhD student, Korea Advanced Institute of Science & Technology",,"dblp: https://dblp.org/pid/13/1439-1, orcid: https://orcid.org/0000-0003-3799-8225, linkedin: https://www.linkedin.com/in/min-jung-kim-0aa91162, semantic_scholar: https://www.semanticscholar.org/author/Min-Jung-Kim/2117955134",PhD student; Researcher; MS student; Undergrad student,Korea Advanced Institute of Science & Technology (kaist.ac.kr); LG Electronics (lge.com); Korea Advanced Institute of Science & Technology (kaist.ac.kr); Sung Kyun Kwan University (skku.ac.kr),2021 - 2026; 2014 - 2021; 2012 - 2014; 2008 - 2011,PhD Advisor: Jaegul Choo (2021 - 2026),"Novel View Video Generation (2023 - 2024); Gaussian Splatting (2022 - 2023); Neural Radiance Fields, NeRF (2021 - 2022); Multi Object Tracking and Segmentation, MOTS, Video Instance Segmentation, VIS (2019 - 2021)"
~Hailin_Zhang3,Hailin Zhang,"Undergrad student, School of Airspace Science and Engineering, Shandong University",,homepage: https://github.com/Dora-Z369,Undergrad student,"School of Airspace Science and Engineering, Shandong University (sdu.edu.cn)",2024 - 2028,,
~Jeong_Joon_Park2,Jeong Joon Park,"Assistant Professor, EECS, University of Michigan - Ann Arbor",,"homepage: https://jjparkcv.github.io/, google_scholar: https://scholar.google.com/citations?user=aD5pXLoAAAAJ&hl=en&oi=sra, dblp: https://dblp.org/pid/227/2840",Assistant Professor; Postdoc; PhD student; Undergrad student,"EECS, University of Michigan - Ann Arbor (umich.edu); CS, Stanford University (stanford.edu); CSE, University of Washington (uw.edu); CS, California Institute of Technology (caltech.edu)",2023 - Present; 2022 - 2023; 2015 - 2021; 2011 - 2015,PhD Advisor: Steve Seitz (2015 - 2021),"computer vision, graphics (Present)"
~Yang_Liu193,Yang Liu,"Principal Researcher, AI Lab, Xiaoduo AI",,homepage: https://foamliu.github.io/,Principal Researcher,"AI Lab, Xiaoduo AI (xiaoduoai.com)",2023 - Present,,Self-Evolving AI Agents (2016 - 2025)
~Yichi_Zhang13,Yichi Zhang,"MS student, Computer Science, Zhejiang University",,"homepage: https://zhang-each.github.io/CV/, google_scholar: https://scholar.google.com/citations?user=-ys4Y-EAAAAJ&hl=zh-CN, dblp: https://dblp.org/pid/86/7054-9, orcid: https://orcid.org/0009-0007-4046-1003, acl_anthology: https://aclanthology.org/people/y/yichi-zhang/",MS student; Undergrad student,"Computer Science, Zhejiang University (zju.edu.cn); Zhejiang University (zju.edu.cn)",2022 - 2025; 2018 - 2022,PhD Advisor: Wen Zhang (2021 - 2027); PhD Advisor: Huajun Chen (2021 - 2027),Large Language Models (2023 - Present); Multi-modal Knowledge Graphs (2022 - Present); Multi-modal Learning (2022 - Present)
~Kehang_Zhu1,Kehang Zhu,"PhD student, Computer Scuience, Harvard University",,"homepage: https://kehang-zhu.github.io/, google_scholar: https://scholar.google.com/citations?hl=en&user=Q7gA1vAAAAAJ",PhD student,"Computer Scuience, Harvard University (harvard.edu)",2021 - 2026,PhD Advisor: John Horton (Present),EconCS (Present); Large language model (2022 - Present)
~Hamidreza_Hashempoor1,Hamidreza Hashempoor,"Researcher, Independent Researcher",,"homepage: https://hamidreza-hashempoor.github.io/, google_scholar: https://scholar.google.com/citations?user=Gx6JOqoAAAAJ&hl=en",Researcher; MS student,Independent Researcher (independent.research); Seoul National University (snu.ac.kr),2023 - 2025; 2020 - 2023,Coauthor: Wan Choi (2020 - 2023),Machine Learning (2020 - 2025)
~Nikhil_Varma_Keetha1,Nikhil Varma Keetha,"Researcher, Facebook",,"homepage: https://nik-v9.github.io/, google_scholar: https://scholar.google.com/citations?user=ZTm5H50AAAAJ, dblp: https://dblp.org/pid/261/3637, orcid: https://orcid.org/0000-0003-2770-0835, linkedin: https://www.linkedin.com/in/nik-v9/, semantic_scholar: https://www.semanticscholar.org/author/Nikhil-Varma-Keetha/1585516855",Researcher; PhD student; Undergrad student; Summer Scholar; Intern; Intern,"Facebook (meta.com); Robotics Institute, Carnegie Mellon University (cmu.edu); Indian Institute of Technology (Indian School of Mines) Dhanbad (iitism.ac.in); CMU, Carnegie Mellon University (andrew.cmu.edu); Montreal Institute for Learning Algorithms, University of Montreal, University of Montreal (mila.umontreal.ca); Queensland University of Technology (qut.edu.au)",2024 - Present; 2022 - Present; 2018 - 2022; 2021 - 2021; 2021 - 2021; 2020 - 2021,PhD Advisor: Deva Ramanan (2023 - 2027); PhD Advisor: Sebastian Scherer (2022 - 2027),"generalizable 3D reconstruction, spatial perception, scene understanding, robotics (2022 - Present); self-supervised learning, 3D Gaussians (2022 - Present); localization, mapping, place recognition, Birds Eye View Mapping (2020 - Present); graph learning, continual learning, lifelong learning (2021 - 2022)"
~Xianzhen_Luo1,Xianzhen Luo,"PhD student, Faculty of Computing, Harbin Institute of Techology",,"homepage: https://luowaterbi.github.io/, google_scholar: https://scholar.google.com/citations?user=dK4r-QYAAAAJ, dblp: https://dblp.org/pid/317/7013, orcid: https://orcid.org/0009-0006-9151-6337, semantic_scholar: https://www.semanticscholar.org/author/Xianzhen-Luo/2284814458, acl_anthology: https://aclanthology.org/people/x/xianzhen-luo/",PhD student; Undergrad student,"Faculty of Computing, Harbin Institute of Techology  (ir.hit.edu.cn); Harbin Engineering University (heu.edu.cn)",2022 - Present; 2018 - 2022,,Natural Language Processing (2021 - Present)
~Bowen_Ren1,Bowen Ren,"Undergrad student, School of Computer Science and Technology, Beijing Institute of Technology",,homepage: https://github.com/AswarS,Undergrad student,"School of Computer Science and Technology, Beijing Institute of Technology (bit.edu.cn)",2022 - 2028,PhD Advisor: Heyan Huang (2025 - 2028),
~Xian_Wu1,Xian Wu,"Principal Researcher, Tencent",,"google_scholar: https://scholar.google.com/citations?user=lslB5jkAAAAJ&hl=en, dblp: https://dblp.org/pid/03/5595-1.html, orcid: https://orcid.org/0000-0003-1118-9710, semantic_scholar: https://www.semanticscholar.org/author/X.-Wu/144620591, acl_anthology: https://aclanthology.org/people/x/xian-wu/",Principal Researcher; Applied Researcher Manager; PhD student; Researcher,Tencent (tencent.com); Microsoft (microsoft.com); Shanghai Jiao Tong University (sjtu.edu.cn); International Business Machines (ibm.com),2017 - Present; 2012 - 2017; 2009 - 2015; 2007 - 2012,PhD Advisor: Yong Yu (2004 - 2015),vision language (2020 - Present); medical ai (2017 - Present); natural language processing (2007 - Present)
~Ioana_Croitoru1,Ioana Croitoru,"Researcher, CrowdStrike",,"google_scholar: https://scholar.google.com/citations?user=UTn-_qEAAAAJ&hl=en&oi=ao, dblp: https://dblp.org/pid/198/1028, semantic_scholar: https://www.semanticscholar.org/author/Ioana-Croitoru/50272388",Researcher; Researcher; PhD student,CrowdStrike (crowdstrike.com); V7 Labs (v7labs.com); imar (imar.ro),2024 - Present; 2023 - 2024; 2016 - 2022,Coauthor: Vlad Bogolin (Present); Coauthor: Samuel Albanie (Present); Coauthor: Yang Liu (Present); PhD Advisor: Marius Leordeanu (2016 - 2022),Open vocabulary object detection (2023 - Present); Visual in-context learning (2023 - Present); Moment detection (2022 - Present); Text video retrieval (2020 - Present); Synthetic data (2020 - Present); Self-supervised learning (2016 - Present); Unsupervised object detection and segmentation (2016 - 2021)
~Moayad_Aloqaily1,,,,,,,,,
~Xinya_Du1,Xinya Du,"Assistant Professor, University of Texas at Dallas",,"homepage: https://xinyadu.github.io, google_scholar: https://scholar.google.com/citations?user=R-lKQqkAAAAJ&hl=en, dblp: https://dblp.org/pid/200/8114, semantic_scholar: https://www.semanticscholar.org/author/X.-Du/13728923, acl_anthology: https://aclanthology.org/people/x/xinya-du/",Assistant Professor; PhD student,University of Texas at Dallas (utdallas.edu); Cornell University (cornell.edu),2022 - Present; 2016 - 2021,,Natural Language Processing (Present); Machine Learning (Present); Information Extraction (Present)
~Fuchun_Sun1,Fuchun Sun,"Full Professor, Department of Computer Science and Technology, Tsinghua University",,homepage: https://www.cs.tsinghua.edu.cn/info/1121/3555.htm,Full Professor,"Department of Computer Science and Technology, Tsinghua University (cs.tsinghua.edu.cn)",2003 - Present,Coauthor: Kotagiri Ramamohanarao (2016 - 2016); Coauthor: Ramamohanarao Kotagiri (2016 - 2016); Coauthor: Zhouchen  Lin (2013 - 2014); Coauthor: Jun Zhu (2011 - 2014); Coauthor: Bo Zhang (2011 - 2014); Coauthor: Yi Ma (2011 - 2014); Coauthor: Jing Hao (2011 - 2014); Coauthor: Zhenguo Li (2011 - 2014); Coauthor: Eric Xing (2011 - 2014); Coauthor: Guangcan Liu (2011 - 2014); Coauthor: Linmi Tao (2011 - 2014); Coauthor: Shiqiang Yang (2011 - 2014); Coauthor: Weijun Wang (2011 - 2014); Coauthor: Jun Zhu (2011 - 2014); Coauthor: Rongrong Ji (2011 - 2014); Coauthor: Xin Zhang (2011 - 2014); Coauthor: Roland Siegwart (2011 - 2014); Coauthor: Hong Liu (2011 - 2014); Coauthor: Feng Liu (2011 - 2014); Coauthor: Guangcan Liu (2011 - 2014); Coauthor: Feng Liu (2011 - 2014); Coauthor: Jun Zhu (2011 - 2014); Coauthor: Huaping Liu (2011 - 2014); Coauthor: Bo Zhang (2011 - 2014); Coauthor: Bin Wang (2011 - 2014); Coauthor: Jun Zhu (2011 - 2014); Coauthor: Bo Zhang (2011 - 2014); Coauthor: Bing Liu (2011 - 2014); Coauthor: Bin Wang (2011 - 2014); Coauthor: Wen Wang (2011 - 2014),Robot skill learning (2017 - Present); Cross modal learning (2016 - Present); Robot active sensing (2015 - Present)
~Yijie_Peng1,Yijie Peng,,,homepage: https://www.gsm.pku.edu.cn/faculty/pengyijie/,Associate Professor; Assistant Professor; PhD student; Undergrad student,Peking University (pku.edu.cn); Peking University (pku.edu.cn); Fudan University (fudan.edu.cn); Wuhan University (whu.edu.cn),2021 - 2023; 2017 - 2021; 2008 - 2014; 2003 - 2007,PhD Advisor: Jianqian Hu (2010 - 2014),Simulation Optimization (2010 - 2023)
~Jeongho_Kim3,Jeongho Kim,"PhD student, AI graduate school, KAIST",,"google_scholar: https://scholar.google.co.kr/citations?user=4SCCBFwAAAAJ&hl=ko, dblp: https://dblp.org/pid/00/10823-7",PhD student; MS student; Undergrad student,"AI graduate school, KAIST (ee.kaist.ac.kr); AI graduate school, Sung Kyun Kwan University (skku.edu); AI graduate school, Sung Kyun Kwan University (skku.edu)",2023 - Present; 2021 - 2023; 2015 - 2021,PhD Advisor: Jaegul Choo (2023 - Present); Coauthor: Simon S. Woo (2021 - 2023),Diffusion Model (2022 - Present); Computer Vision (2021 - Present); Knowledge Distillation (2021 - Present)
~John_C._Raisbeck1,John C. Raisbeck,"PhD student, University of Massachusetts at Amherst",,"homepage: https://jcraisbeck.com, google_scholar: https://scholar.google.com/citations?user=XthOL3QAAAAJ&hl=en&oi=ao, dblp: https://dblp.org/pid/256/0985.html, linkedin: https://linkedin.com/jcraisbeck",PhD student; Researcher; Undergrad student,"University of Massachusetts at Amherst (umass.edu); Massachusetts General Hospital, Harvard University (mgh.harvard.edu); University of Massachusetts at Lowell (uml.edu)",2022 - Present; 2019 - 2022; 2015 - 2019,,Reinforcement Learning (2019 - Present)
~Samira_Malek1,Samira Malek,"PhD student, Computer Science and Engineering, Pennsylvania State University",,"homepage: https://samiramalek.github.io/, google_scholar: https://scholar.google.com/citations?user=3S6LVy4AAAAJ&hl=en, linkedin: https://www.linkedin.com/in/samira-malek-733b9889/",PhD student,"Computer Science and Engineering, Pennsylvania State University (psu.edu)",2023 - 2026,,Optimization (Present)
~Yun_Liang1,Yun Liang,"Associate Professor, Peking University",,"homepage: http://eecs.pku.edu.cn/EN/People/Faculty/Detail/?ID=6191, google_scholar: https://scholar.google.com.tw/citations?user=Ltp8loUAAAAJ",Associate Professor,Peking University (pku.edu.cn),2018 - Present,PhD Advisor: Tulika Mitra (2005 - 2010),
~Zhiteng_Li2,Zhiteng Li,"MS student, Shanghai Jiaotong University",,"homepage: https://ZHITENGLI.github.io, dblp: https://dblp.org/pid/292/5936",MS student; Undergrad student,Shanghai Jiaotong University (sjtu.edu.cn); Shanghai Jiaotong University (sjtu.edu.cn),2023 - Present; 2019 - 2023,Coauthor: Yulun Zhang (2023 - Present); Coauthor: Linghe Kong (2023 - Present),Large Language Models (2024 - Present); Generative Models (2023 - Present); Model Compression (2023 - Present)
~Haojie_Duanmu1,Haojie Duanmu,"PhD student, Shanghai Jiaotong University",,"homepage: https://github.com/cat538, google_scholar: https://scholar.google.com/citations?user=U4a_Sr8AAAAJ&hl=en",PhD student,Shanghai Jiaotong University (sjtu.edu.cn),2023 - Present,PhD Advisor: Dahua Lin (2023 - 2028),
~Zhao-Rong_Lai1,Zhao-Rong Lai,"Associate Professor, Jinan University",,"homepage: https://cybsec.jnu.edu.cn/2023/1120/c39593a781893/page.htm, google_scholar: https://scholar.google.com.hk/citations?user=psPB6TsAAAAJ&hl=zh-CN, dblp: https://dblp.org/pid/142/3902",Associate Professor,Jinan University (jnu.edu.cn),2016 - Present,Coauthor: Liangda Fang (Present),machine learning (Present)
~Fei_Ma3,Fei Ma,"Researcher, Guangdong Laboratory of Artificial Intelligence and Digital Economy (SZ), also known as Guangming Laboratory",,"google_scholar: https://scholar.google.com/citations?user=RJOEAMYAAAAJ&hl=zh-CN, orcid: https://orcid.org/0009-0002-5388-9125",Researcher; PhD student; Undergrad student,"Guangdong Laboratory of Artificial Intelligence and Digital Economy (SZ), also known as Guangming Laboratory (gml.ac.cn); Tsinghua University (tsinghua.edu.cn); University of Electronic Science and Technology of China (uestc.edu.cn)",2024 - Present; 2017 - 2022; 2013 - 2017,PhD Advisor: Lin Zhang (2017 - Present),Generative AI (Present); Multimodal Learning (Present); Affective Computing (Present)
~Kang_Liu1,Kang Liu,"Professor, Institute of automation, Chinese academy of science, Chinese Academy of Sciences",,"homepage: http://www.nlpr.ia.ac.cn/cip/~liukang/index.html, google_scholar: https://scholar.google.com/citations?user=DtZCfl0AAAAJ&hl=en, dblp: https://dblp.org/pid/42/4903.html, orcid: https://orcid.org/0000-0002-6083-8433, acl_anthology: https://aclanthology.org/people/k/kang-liu/",Professor; Associate Professor; Assistant Professor,"Institute of automation, Chinese academy of science, Chinese Academy of Sciences (ia.ac.cn); Institute of automation, Chinese academy of science, Chinese Academy of Sciences (ia.ac.cn); Institute of automation, Chinese academy of science, Chinese Academy of Sciences (ia.ac.cn)",2019 - Present; 2014 - 2019; 2010 - 2014,PhD Advisor: Jun Zhao (2006 - 2010),Large Language Model (2020 - Present); Question Answering (2006 - Present); Natural Language Processing (2006 - Present); Information Extraction (2006 - 2022)
~Yaxi_Hu1,,,,,,,,,
~Xiaolong_Zhong1,,,,,,,,,
~Timothy_Chou1,,,,,,,,,
~Joshua_M._Susskind1,,,,,,,,,
~Tianming_Liu3,,,,,,,,,
~Wendi_Cui1,,,,,,,,,
~Xingchen_Zhang1,,,,,,,,,
~Philipp_Christian_Petersen1,,,,,,,,,
~Dohyun_Kim10,,,,,,,,,
~Pranav_singh_chib1,,,,,,,,,
~David_Berthelot1,,,,,,,,,
~Md_Tanvirul_Alam1,,,,,,,,,
~Trisanth_Srinivasan1,,,,,,,,,
~Long_Bao_Le1,,,,,,,,,
~Xinchen_Zhang1,,,,,,,,,
~Jiale_Li9,,,,,,,,,
~Zheming_Yang1,,,,,,,,,
~Vivian_Tsai1,,,,,,,,,
~Jonathan_García1,,,,,,,,,
~Rebecca_Astrid_Böhme1,,,,,,,,,
~Wei_Wang68,,,,,,,,,
~Maxime_Méloux1,,,,,,,,,
~Prayas_Agrawal1,,,,,,,,,
~Damien_Lopez1,,,,,,,,,
~Edward_Li4,,,,,,,,,
~Zhang_Changyuan1,,,,,,,,,
~Mohaiminul_Al_Nahian1,,,,,,,,,
~Mamshad_Nayeem_Rizve1,,,,,,,,,
~Alexandra_Daniela_Damir1,,,,,,,,,
~Jiecao_Yu1,,,,,,,,,
~Jin_Ma6,,,,,,,,,
~Jiaqi_Yu7,,,,,,,,,
~Hongxin_Li1,,,,,,,,,
~Benjamin_Feuer1,,,,,,,,,
~Weihang_Kong1,,,,,,,,,
~Ying_Cao2,,,,,,,,,
~Hoiyeong_Jin1,,,,,,,,,
~Jiatao_Gu1,,,,,,,,,
~Ming-Ching_Chang1,,,,,,,,,
~Gleb_Shishaev1,,,,,,,,,
~Austin_J._Brockmeier1,,,,,,,,,
~Demetri_Terzopoulos1,,,,,,,,,
~Kunpeng_Xie2,,,,,,,,,
~Shizhu_He2,,,,,,,,,
~Chi_Han1,,,,,,,,,
~Martin_Magnusson1,,,,,,,,,
~Ying_Nian_Wu1,,,,,,,,,
~Qianli_Liao1,,,,,,,,,
~Dongliang_Peng2,,,,,,,,,
~houbo_he1,,,,,,,,,
~Min_Liu6,,,,,,,,,
~Senbao_Zhang1,,,,,,,,,
~Yuhao_Lin10,,,,,,,,,
~Jiahong_Wu2,,,,,,,,,
~Lei_Li29,,,,,,,,,
~Xinyan_Gao2,,,,,,,,,
~Sai_Surya_Duvvuri1,,,,,,,,,
~Todor_Stoyanov1,,,,,,,,,
~Wen_Zhang4,,,,,,,,,
~Liwei_Hou1,,,,,,,,,
~Aditi_Singh6,,,,,,,,,
~Jie_Feng7,,,,,,,,,
~Lingjun_Li2,,,,,,,,,
~Jaekwang_KIM1,,,,,,,,,
~Sheng_Sun1,,,,,,,,,
~Michele_Caprio1,,,,,,,,,
~Xiao_Luo3,,,,,,,,,
~Zhiwen_Xu2,,,,,,,,,
~Momin_Abbas1,,,,,,,,,
~Ashwin_Vinod1,,,,,,,,,
~Yujiu_Yang2,,,,,,,,,
~YuanTao_Fan2,,,,,,,,,
~Shay_B_Cohen1,,,,,,,,,
~Chenyu_You1,,,,,,,,,
~Xinnan_Dai1,,,,,,,,,
~Yue_Yao1,,,,,,,,,
~Majid_Daliri1,,,,,,,,,
~Dazhou_Liu1,,,,,,,,,
~Xi_Peng3,,,,,,,,,
~Jusheng_zhang6,,,,,,,,,
~Shengju_Qian1,,,,,,,,,
~Crystal_Qian1,,,,,,,,,
~Bohan_Jin2,,,,,,,,,
~Linsey_Pang1,,,,,,,,,
~Hao_Wu37,,,,,,,,,
~Tung-Lin_Wang1,,,,,,,,,
~Vitaly_Feldman1,,,,,,,,,
~Xiaoran_Yin1,,,,,,,,,
~Anni_Huang1,,,,,,,,,
~Zilong_Zheng1,,,,,,,,,
~Shiyi_Zhang3,,,,,,,,,
~Fengyang_Xu1,,,,,,,,,
~Zhipeng_Wang1,,,,,,,,,
~Jun-Wei_Hsieh2,,,,,,,,,
~Oussama_Elachqar1,,,,,,,,,
~Yizhou_Yu1,,,,,,,,,
~Amir_Khasahmadi1,,,,,,,,,
~Yaonan_Wang2,,,,,,,,,
~Xiu_Li1,,,,,,,,,
~Shwai_He1,,,,,,,,,
~Yu_Zhuang4,,,,,,,,,
~Jiexin_Zheng1,,,,,,,,,
~Ruochen_Li3,,,,,,,,,
~Jiateng_Wei1,,,,,,,,,
~Shenling_Wang1,,,,,,,,,
~Yu_Yan2,,,,,,,,,
~Wendi_Deng1,,,,,,,,,
~Jaegul_Choo1,,,,,,,,,
~Min_Sun1,,,,,,,,,
~Mingze_Sun1,,,,,,,,,
~Lei_Liang2,,,,,,,,,
~Sicong_Leng1,,,,,,,,,
~Pegah_Mohammadipour1,,,,,,,,,
~Zehua_Zang1,,,,,,,,,
~Hongyu_Zhao1,,,,,,,,,
~Heyan_Huang1,,,,,,,,,
~Mingtao_Feng2,,,,,,,,,
~Hao_Zhao1,,,,,,,,,
~Jiangang_Luo1,,,,,,,,,
~Chubin_Chen1,,,,,,,,,
~Xin_Liu51,,,,,,,,,
~John_P_Dickerson1,,,,,,,,,
~Youliang_Zhang2,,,,,,,,,
~Yulun_Zhang1,,,,,,,,,
~Zhen_Yang29,,,,,,,,,
~Santosh_V._Patapati1,,,,,,,,,
~Xiang_Li68,,,,,,,,,
~Xinlei_Cao4,,,,,,,,,
~LiangLin1,,,,,,,,,
~Chenghan_Yang1,,,,,,,,,
~Boris_Belozerov1,,,,,,,,,
~Hong_Ni2,,,,,,,,,
~Gao_Kejun1,,,,,,,,,
~Junzi_Zhang2,,,,,,,,,
~Sujay_Menon1,,,,,,,,,
~Yinghao_Li2,,,,,,,,,
~Fan_Zhang27,,,,,,,,,
~Diana_Bolocan1,,,,,,,,,
~Shuyu_Yang2,,,,,,,,,
~Yang_SUN5,,,,,,,,,
~Ziheng_Jiang1,,,,,,,,,
~Quan_Dao1,,,,,,,,,
~Yi-Kuan_Hsieh1,,,,,,,,,
~Apostu_Alexandru-Mihai1,,,,,,,,,
~Ruqi_Huang1,,,,,,,,,
~Thai_T._VU1,,,,,,,,,
~Jie_Huang15,,,,,,,,,
~Xin-Qiang_Cai1,,,,,,,,,
~Idil_Esen_Zulfikar1,,,,,,,,,
~Aurko_Roy1,,,,,,,,,
~Ping_Luo2,,,,,,,,,
~Jian_Song3,,,,,,,,,
~Xiangxiang_Chu1,,,,,,,,,
~Jiahe_Huang1,,,,,,,,,
~Shuang_Li3,,,,,,,,,
~Yang_Gao2,,,,,,,,,
~Jian_Tang5,,,,,,,,,
~Gang_Niu1,,,,,,,,,
~Weibin_Liu1,,,,,,,,,
~Pratik_Jawanpuria1,,,,,,,,,
~Shirong_Yang1,,,,,,,,,
~Bastian_Leibe3,,,,,,,,,
~Qingfu_Zhu1,,,,,,,,,
~Shanghang_Zhang4,,,,,,,,,
~Wenlei_Bao1,,,,,,,,,
~Zhiheng_Liu1,,,,,,,,,
~Bo_Yang22,,,,,,,,,
~Nan_Qiao2,,,,,,,,,
~Mazlum_Ferhat_Arslan1,,,,,,,,,
~Hao_Wu39,,,,,,,,,
~Daniel_Schiemert2,,,,,,,,,
~Behrouz_Madahian1,,,,,,,,,
~Haiqian_Han1,,,,,,,,,
~Hassan_Baker1,,,,,,,,,
~Amine_Marzouki1,,,,,,,,,
~George_K._Atia1,,,,,,,,,
~Zhou_Ziheng1,,,,,,,,,
~Zifan_He1,,,,,,,,,
~Xi_Chen64,,,,,,,,,
~Xiaokang_Yang1,,,,,,,,,
~Zhenxi_Lin1,,,,,,,,,
~Renee_Ge1,,,,,,,,,
~Himanshu_Rai1,,,,,,,,,
~Kang_LI11,,,,,,,,,
~Kai_Guo4,,,,,,,,,
~Sayan_Kumar_Chaki1,,,,,,,,,
~Sirui_Bi1,,,,,,,,,
~Cornelius_Maroa_Masese1,,,,,,,,,
~Gijs_Dubbelman1,,,,,,,,,
~Charlie_Griffin1,,,,,,,,,
~Jing_Shao6,,,,,,,,,
~Gaole_Dai1,,,,,,,,,
~Cheng_Chang2,,,,,,,,,
~Alireza_Hashemi2,,,,,,,,,
~Stanislav_Slivkin1,,,,,,,,,
~Hesong_Wang1,,,,,,,,,
~Yang_An1,,,,,,,,,
~Sverker_Sikström1,,,,,,,,,
~Chung-Hsiang_Lo1,,,,,,,,,
~Pouria_Mahdavinia1,,,,,,,,,
~Jin_Lu1,,,,,,,,,
~Jente_Vandersanden1,,,,,,,,,
~Yaxiong_Wang1,,,,,,,,,
~Houyi_Li1,,,,,,,,,
~Nidhi_Rastogi1,,,,,,,,,
~Buck_Shlegeris1,,,,,,,,,
~Ye_Du4,,,,,,,,,
~Anming_Gu1,,,,,,,,,
~Fangsheng_Weng1,,,,,,,,,
~Zhizhen_Pan2,,,,,,,,,
~Yifan_Wang23,,,,,,,,,
~Ziliang_Chen1,,,,,,,,,
~Wei_Ruan2,,,,,,,,,
~Xinwen_Zhang3,,,,,,,,,
~Hui_Xu12,,,,,,,,,
~Lingxiao_Li2,,,,,,,,,
~Jinlong_Li3,,,,,,,,,
~Jiangshan_Wang2,,,,,,,,,
~Jianqiao_Luo1,,,,,,,,,
~Yizhe_Huang3,,,,,,,,,
~Pravendra_Singh1,,,,,,,,,
~Xiaoshuang_Wang1,,,,,,,,,
~Fangzhou_Yan1,,,,,,,,,
~Xin_Luo19,,,,,,,,,
~Shubham_Tulsiani1,,,,,,,,,
~Grigoriy_M._Shutov1,,,,,,,,,
~Chandrajit_L._Bajaj1,,,,,,,,,
~Cheng_Huang7,,,,,,,,,
~Anastasia_Sozykina1,,,,,,,,,
~Alireza_Farhadi2,,,,,,,,,
~Zhi_Wang12,,,,,,,,,
~Amirhossein_Safari1,,,,,,,,,
~Drago_Plecko1,,,,,,,,,
~Weiwei_Xing1,,,,,,,,,
~Jingxuan_Fan1,,,,,,,,,
~Xiaoming_Zhao1,,,,,,,,,
~Meng_Lou1,,,,,,,,,
~Karan_Vikyath_Veeranna_Rupashree1,,,,,,,,,
~Ningxin_Zheng1,,,,,,,,,
~Sasidhar_Kunapuli1,,,,,,,,,
~Zhiyang_Dou1,,,,,,,,,
~weilei_wang1,,,,,,,,,
~Xiangyang_Ji1,,,,,,,,,
~Jeff_Z._Pan1,,,,,,,,,
~Kyogu_Lee1,,,,,,,,,
~Jingran_Zhang2,,,,,,,,,
~Chandan_K._Reddy1,,,,,,,,,
~Wentao_Wu6,,,,,,,,,
~Evgeny_Burnaev1,,,,,,,,,
~Alessandro_Abate1,,,,,,,,,
~Vasant_G._Honavar2,,,,,,,,,
~Yue_Cheng3,,,,,,,,,
~Hamed_Mahdavi1,,,,,,,,,
~kanghe_sun1,,,,,,,,,
~Manzil_Zaheer1,,,,,,,,,
~Loukas_Sfountouris1,,,,,,,,,
~Reza_Amini2,,,,,,,,,
~Haoxuan_Li6,,,,,,,,,
~Tyler_Farghly1,,,,,,,,,
~Weisheng_Dong1,,,,,,,,,
~Genwei_Zhang1,,,,,,,,,
~Iuliia_Uzhegova1,,,,,,,,,
~Dongkun_Shin1,,,,,,,,,
~Xudong_Jiang1,,,,,,,,,
~Ganesh_Ramakrishnan1,,,,,,,,,
~Eungbeom_Kim1,,,,,,,,,
~Hyun-rae_Jo1,,,,,,,,,
~Jiashu_Zhu1,,,,,,,,,
~Rong_Fu2,,,,,,,,,
~Roberto_Campbell1,,,,,,,,,
~Mengzhao_Chen1,,,,,,,,,
~Chaoyi_Zhang2,,,,,,,,,
~Daojun_Liang1,,,,,,,,,
~Fang_Sun3,,,,,,,,,
~Klim_Goldshtein1,,,,,,,,,
~Vladimir_Vanovskiy1,,,,,,,,,
~Jing_Liu8,,,,,,,,,
~Valia_Efthymiou1,,,,,,,,,
~Yilun_Wang4,,,,,,,,,
~Simon_James_Fong2,,,,,,,,,
~Boyan_Xin1,,,,,,,,,
~Zihan_Zhang1,,,,,,,,,
~Xinxin_Liu5,,,,,,,,,
~Nikolay_Kalmykov1,,,,,,,,,
~Xingchang_Huang1,,,,,,,,,
~YIBO_MENG1,,,,,,,,,
~Ioannis_Konstas1,,,,,,,,,
~Jin-Cheng_Jhang1,,,,,,,,,
~Chiwei_Zhu1,,,,,,,,,
~Guiling_Wang2,,,,,,,,,
~Nathalie_Baracaldo1,,,,,,,,,
~Rogério_Abreu_de_Paula1,,,,,,,,,
~Tomaso_Poggio1,,,,,,,,,
~Fangfang_Wu2,,,,,,,,,
~Nicole_Kan_Hui_Lin1,,,,,,,,,
~Liqiang_Lu1,,,,,,,,,
~Yang_Qin3,,,,,,,,,
~Jianbin_Lin1,,,,,,,,,
~Tianrui_Qin1,,,,,,,,,
~Quanying_Liu1,,,,,,,,,
~Jingkuan_Song3,,,,,,,,,
~Miguel_Ángel_Bautista1,,,,,,,,,
~Yajing_Xu3,,,,,,,,,
~Chiung-Yi_Tseng1,,,,,,,,,
~Binxu_Wang1,,,,,,,,,
~Hanshi_Sun1,,,,,,,,,
~Dongyang_Li4,,,,,,,,,
~Subhabrata_Mukherjee2,,,,,,,,,
~Zhihang_Yuan1,,,,,,,,,
~Tiffany_Yau1,,,,,,,,,
~Tommie_Kerssies1,,,,,,,,,
~Bamdev_Mishra1,,,,,,,,,
~Yarong_Lan1,,,,,,,,,
~Guangqian_Yang2,,,,,,,,,
~Kristjan_Greenewald1,,,,,,,,,
~Hanmeng_Zhong1,,,,,,,,,
~Karthik_S._Gurumoorthy2,,,,,,,,,
~Zeyue_Xue1,,,,,,,,,
~Peng_Hu2,,,,,,,,,
~Yue_Wang16,,,,,,,,,
~Kai-Zhan_Lee1,,,,,,,,,
~Hannan_Lu1,,,,,,,,,
~weizhi_Tang2,,,,,,,,,
~Chaoming_Kang1,,,,,,,,,
~Chaorui_Deng1,,,,,,,,,
~Vasudha_Varadarajan1,,,,,,,,,
~Jin_Fang5,,,,,,,,,
~Ashery_Mbilinyi1,,,,,,,,,
~Mariam_Marlen_Mirström1,,,,,,,,,
~Zhiqiang_Liu7,,,,,,,,,
~Jidong_Zhai1,,,,,,,,,
~Kaiqi_Chen8,,,,,,,,,
~Linghe_Kong1,,,,,,,,,
~Sijia_Chen8,,,,,,,,,
~Ying_Zhang34,,,,,,,,,
~Yiming_Liu30,,,,,,,,,
~Erfan_Hajihashemi1,,,,,,,,,
~Salman_Khan4,,,,,,,,,
~Xudong_Zhao3,,,,,,,,,
~Andrei_Preda1,,,,,,,,,
~Eddie_Landesberg1,,,,,,,,,
~GUO_XIAOYU1,,,,,,,,,
~Zhanxing_Zhu1,,,,,,,,,
~Wei_Pan2,,,,,,,,,
~John_Le2,,,,,,,,,
~Liyuqiu_Huang1,,,,,,,,,
~Xuegui_Zheng1,,,,,,,,,
~Xiaohui_Gao2,,,,,,,,,
~Bo_Li16,,,,,,,,,
~Rao_Muhammad_Anwer2,,,,,,,,,
~Huajun_Chen1,,,,,,,,,
~Liqiang_Jing1,,,,,,,,,
~Tom_Gedeon1,,,,,,,,,
~Hongyi_Peng1,,,,,,,,,
~Wangchunshu_Zhou1,,,,,,,,,
~Yanning_Shen1,,,,,,,,,
~Dimitris_Dimakopoulos1,,,,,,,,,
~Hongchang_Gao3,,,,,,,,,
~Amitis_Shidani1,,,,,,,,,
~Adnan_Siraj_Rakin2,,,,,,,,,
~Mark_Bun1,,,,,,,,,
~Benfeng_Xu1,,,,,,,,,
~Wanxiang_Che1,,,,,,,,,
~Rajkumar1,,,,,,,,,
~Ekaterina_Fedorova1,,,,,,,,,
~Heath_John_Cooper1,,,,,,,,,
~Jianing_Shen3,,,,,,,,,
~Xingyan_Bin1,,,,,,,,,
~Moshe_Shenfeld1,,,,,,,,,
~Yuntao_Chen1,,,,,,,,,
~Tong_Yu8,,,,,,,,,
~Haewoon_Nam1,,,,,,,,,
~James_Wexler1,,,,,,,,,
~Ga_Wu1,,,,,,,,,
~Ziheng_Zhang2,,,,,,,,,
~Tianang_Xiao2,,,,,,,,,
~Ning_Li21,,,,,,,,,
~Samuel_B._Hopkins1,,,,,,,,,
~Yun_Juei_Yen1,,,,,,,,,
~Jason_Cong1,,,,,,,,,
~Louis_Thomson1,,,,,,,,,
~Aman_Gupta1,,,,,,,,,
~Adriano_Hernandez1,,,,,,,,,
~Edward_Chien1,,,,,,,,,
~Masashi_Sugiyama1,,,,,,,,,
~Kaize_Ding1,,,,,,,,,
~Guanyao_Mao1,,,,,,,,,
~Jiayu_Zuo1,,,,,,,,,
~Deva_Ramanan1,,,,,,,,,
~Haotong_Qin1,,,,,,,,,
~Min_Jun_Choi1,,,,,,,,,
~Yongsen_Zheng1,,,,,,,,,
~Tianyu_Liu4,,,,,,,,,
~Maksims_Volkovs3,,,,,,,,,
~Qi_Hou1,,,,,,,,,
~Qianyou_Sun1,,,,,,,,,
~Junhao_Chen2,,,,,,,,,
~Zhenhong_Zhou1,,,,,,,,,
~Parshin_Shojaee1,,,,,,,,,
~Ruosong_Wang1,,,,,,,,,
~Yuyang_Wang3,,,,,,,,,
~Tuan_T._Nguyen2,,,,,,,,,
~Xitong_Gao1,,,,,,,,,
~Nanxi_Yu1,,,,,,,,,
~Yaqing_Zhang6,,,,,,,,,
~YuanqiangLiu1,,,,,,,,,
~Yifei_Liu2,,,,,,,,,
~Wenzhen_Zheng1,,,,,,,,,
~Chenyang_Zhu5,,,,,,,,,
~Daan_de_Geus2,,,,,,,,,
~Jeff_Tan1,,,,,,,,,
~lingjie_Jiang2,,,,,,,,,
~Minghao_Guo1,,,,,,,,,
~Dongsheng_Luo1,,,,,,,,,
~Lianli_Gao1,,,,,,,,,
~Saba_M._Hosseini1,,,,,,,,,
~Zichen_Wang10,,,,,,,,,
~He_Li17,,,,,,,,,
~Chen_Tang3,,,,,,,,,
~John_Joseph_Horton2,,,,,,,,,
~Rui_Gao3,,,,,,,,,
~Mihaela_Gaman1,,,,,,,,,
~Ali_Hussein2,,,,,,,,,
~Gurprit_Singh1,,,,,,,,,
~Yuqiao_Tan2,,,,,,,,,
~Hieu_Dao1,,,,,,,,,
~Sabbir_Ahmed2,,,,,,,,,
~Maryam_Haghifam1,,,,,,,,,
~Zhihong_Zhu1,,,,,,,,,
~Johannes_A._Stork1,,,,,,,,,
~Weijie_Tu1,,,,,,,,,
~Yidong_Luo1,,,,,,,,,
~Willy_Susilo1,,,,,,,,,
~HaoKun_Tian1,,,,,,,,,
~Ji_Zhang15,,,,,,,,,
~Jun_Liu8,,,,,,,,,
~Huacong_Tang1,,,,,,,,,
~Yongxin_Xiao1,,,,,,,,,
~Yifan_Lyu1,,,,,,,,,
~Shobhnik_Kriplani1,,,,,,,,,
~Rongyi_Zhang1,,,,,,,,,
~Lihua_Chen1,,,,,,,,,
~Donghao_Zhou1,,,,,,,,,
~Changjun_Park2,,,,,,,,,
~Jiawei_Zhou1,,,,,,,,,
~Abdullah_Al_Arafat1,,,,,,,,,
~Hans_Peter_Lyngsøe_Raaschou-jensen1,,,,,,,,,
~Shih-Min_Yang1,,,,,,,,,
~Ewan_Mackie1,,,,,,,,,
~Shuchen_Lin1,,,,,,,,,
~Zheng_Ju1,,,,,,,,,
~Nisha_Huang1,,,,,,,,,
~Marsel_Khayrullin1,,,,,,,,,
~Anders_Søgaard1,,,,,,,,,
~ANH-HUY_PHAN1,,,,,,,,,
~Paris_Giampouras1,,,,,,,,,
~Linqing_Chen1,,,,,,,,,
~Niccolò_Cavagnero1,,,,,,,,,
~Konoshonkina_Natalia_Yuryevna1,,,,,,,,,
~Qiang_Zhang10,,,,,,,,,
~Michał_Ulewicz1,,,,,,,,,
~Ziluo_Ding1,,,,,,,,,
~Yifan_Lin1,,,,,,,,,
~Anqi_Zhao7,,,,,,,,,
~Collin_Stultz1,,,,,,,,,
~Mingjin_Chen2,,,,,,,,,
~Giada_Dirupo1,,,,,,,,,
~Jiaxin_Zhang2,,,,,,,,,
~Ittai_Rubinstein1,,,,,,,,,
~Shujun_Wang1,,,,,,,,,
~Sen_Jia2,,,,,,,,,
~Xinzhe_Li2,,,,,,,,,
~Ang_Li6,,,,,,,,,
~Huan_Cui1,,,,,,,,,
~François_Portet1,,,,,,,,,
~Yi_Zhang135,,,,,,,,,
~Abdelrahman_M_Shaker1,,,,,,,,,
~Yefeng_Zheng3,,,,,,,,,
~Zhaoxiang_Zhang3,,,,,,,,,
~Fei_Wang48,,,,,,,,,
~Pengxu_Wei1,,,,,,,,,
~Jiayou_Liang1,,,,,,,,,
~Xu_Luo1,,,,,,,,,
~Shaohua_Wu1,,,,,,,,,
~Raya_Horesh1,,,,,,,,,
~Sascha_Holl1,,,,,,,,,
~Jiangmeng_Li1,,,,,,,,,
~Weizhen_Li5,,,,,,,,,
~Chenhui_Huang1,,,,,,,,,
~Rui_Wang8,,,,,,,,,
~Yuan-Hong_Liao2,,,,,,,,,
~Hui_Jin1,,,,,,,,,
~Tianshu_Yu2,,,,,,,,,
~Ashish_Jha1,,,,,,,,,
~Giannis_Daras1,,,,,,,,,
~Kun_Wang15,,,,,,,,,
~Dafeng_Zhang1,,,,,,,,,
~Philip_Torr1,,,,,,,,,
~Sitong_Chen5,,,,,,,,,
~Daniel_L._Pimentel-Alarcón1,,,,,,,,,
~Shiang-Feng_Tsai1,,,,,,,,,
~Liang_Lin1,,,,,,,,,
~Abeer_Matar_Almalky1,,,,,,,,,
~Shenglai_Zeng2,,,,,,,,,
~Jiayuan_Ding1,,,,,,,,,
~Jun_Zhao4,,,,,,,,,
~Weichen_Sun1,,,,,,,,,
~H._Schwartz1,,,,,,,,,
~Miao_Yu8,,,,,,,,,
~Shen_Yan2,,,,,,,,,
~Chin-Lun_Fu1,,,,,,,,,
~Gregory_Kang_Ruey_Lau1,,,,,,,,,
~Xin_Li2,,,,,,,,,
~Benjamin_Tod_Jones1,,,,,,,,,
~Atousa_Assadihaghi1,,,,,,,,,
~Li_Zhu3,,,,,,,,,
~Paul_Hongsuck_Seo1,,,,,,,,,
~Changhao_He1,,,,,,,,,
~Elias_Bareinboim2,,,,,,,,,
~Umair_Nawaz1,,,,,,,,,
~Jiwoo_Hong2,,,,,,,,,
~Constanza_Fierro1,,,,,,,,,
~Yuanhao_Zeng1,,,,,,,,,
~Abi_Aryan1,,,,,,,,,
~Can_Ye1,,,,,,,,,
~Siming_Huang3,,,,,,,,,
~Jianxi_Ye1,,,,,,,,,
~Jiliang_Tang1,,,,,,,,,
~Yaoyang_WU1,,,,,,,,,
~Bryan_Kian_Hsiang_Low1,,,,,,,,,
~Yutong_Lu1,,,,,,,,,
~Zhedong_Zheng1,,,,,,,,,
~Haozhuo_Zhang1,,,,,,,,,
~Xu_Hui1,,,,,,,,,
~Jiaoyan_Chen1,,,,,,,,,
~Tongliang_Liu1,,,,,,,,,
~Chen_Wei7,,,,,,,,,
~Xu_Pan2,,,,,,,,,
~Zac_Yung-Chun_Liu1,,,,,,,,,
~Pheng-Ann_Heng1,,,,,,,,,
~Zhiyuan_Song1,,,,,,,,,
~Mahyar_Alinejad1,,,,,,,,,
~Seungwoo_Lyu1,,,,,,,,,
~Aaron_Childress1,,,,,,,,,
~Enlu_Zhou1,,,,,,,,,
~Seaone_Ok1,,,,,,,,,
~Tajamul_Ashraf2,,,,,,,,,
~Bruno_Castro_da_Silva1,,,,,,,,,
~Xiangyu_Yue1,,,,,,,,,
~Canran_Xiao1,,,,,,,,,
~Wenyue_He1,,,,,,,,,
~Nazanin_Rahnavard1,,,,,,,,,
~Seung_Wook_Kim1,,,,,,,,,
~Yunshui_Li1,,,,,,,,,
~Junyi_Wu4,,,,,,,,,
~Maxime_Peyrard2,,,,,,,,,
~Wei_Wang163,,,,,,,,,
~Benjamin_S._Manning1,,,,,,,,,
~Vu_Truong1,,,,,,,,,
~Rohan_Anil1,,,,,,,,,
~Razan_Dibo1,,,,,,,,,
~George_Deligiannidis2,,,,,,,,,
~Prateek_Chanda2,,,,,,,,,
~Renze_Chen1,,,,,,,,,
~Size_Zheng1,,,,,,,,,
~Mansi_Maheshwari1,,,,,,,,,
~Sanchit_Kabra1,,,,,,,,,
~Lin_F._Yang1,,,,,,,,,
~Yunxiang_Fu1,,,,,,,,,
~Shiyu_Li3,,,,,,,,,
~Astitwa_Sarthak_Lathe1,,,,,,,,,
~Mahtab_Sarvmaili1,,,,,,,,,
~Chuxiong_Sun2,,,,,,,,,
~Xiaodong_Wang8,,,,,,,,,
~Yassir_Laaouach1,,,,,,,,,
~Guoshun_Nan1,,,,,,,,,
